protein_id,label
p_N1RZ,0
p_PT9D,0
p_MD00,0
p_Y0MU,0
p_GSL8,1
p_OXY3,0
p_L7OH,0
p_W0KE,1
p_P81N,0
p_ZV6I,1
p_1YEE,1
p_4W8M,0
p_N4G0,0
p_Y5MK,0
p_WW5A,0
p_YE8Y,0
p_DXL6,0
p_DE63,0
p_3FEH,1
p_BR57,0
p_T7JW,0
p_23PX,1
p_3XS0,0
p_7GE6,0
p_V3QS,1
p_S1XJ,0
p_20US,0
p_U1EH,1
p_3HQS,0
p_U35E,0
p_EEG7,0
p_6FP0,0
p_G7O7,1
p_75HZ,0
p_X70Z,0
p_R36L,0
p_15MB,0
p_5QB8,0
p_FRX6,0
p_CUQ8,0
p_9ZL6,0
p_EO7H,1
p_0E1D,0
p_4IUG,0
p_DX8T,1
p_XEL5,1
p_3NM6,0
p_32TM,0
p_U3CF,0
p_46MK,0
p_2EZ9,0
p_49QQ,1
p_D90A,0
p_87FZ,0
p_HJK9,1
p_YB7U,0
p_78OZ,0
p_Y54O,1
p_IRH2,0
p_JQQ5,1
p_D12H,0
p_QYA5,1
p_Y5MZ,0
p_9VPY,1
p_R70F,0
p_K0QJ,1
p_5Q4W,0
p_O3T0,0
p_O1O1,1
p_8T1V,1
p_CU5C,0
p_52TH,0
p_5RM4,0
p_IIO2,0
p_W4U1,1
p_AYZ2,1
p_9UNA,0
p_8WMZ,0
p_S74Y,1
p_9JSG,0
p_7Y6L,0
p_78WC,1
p_N6SQ,0
p_S0MX,0
p_99RU,0
p_S18T,1
p_3WHF,0
p_4RQ3,0
p_8U1O,0
p_P1SI,0
p_3R2W,1
p_H4OV,0
p_3MGV,1
p_68TB,0
p_PN7H,0
p_K5J5,0
p_JB2U,0
p_48JU,0
p_ICW2,1
p_U4RC,0
p_X0LH,1
p_17VA,0
p_RTS7,0
p_M5LY,1
p_EP98,1
p_3HER,0
p_D8JY,0
p_QP21,0
p_C82Y,1
p_7IBK,0
p_LC0C,0
p_0BSZ,0
p_4P6H,1
p_FW28,0
p_3CF9,1
p_82TZ,0
p_H9L5,0
p_T7WM,0
p_L8SZ,0
p_I95M,0
p_FX64,0
p_26GG,1
p_BGZ7,0
p_Q4W5,1
p_PAD5,0
p_FQ56,0
p_0LX2,1
p_9HZX,0
p_PZ7M,1
p_E8CM,1
p_IA11,0
p_1RX2,0
p_GXN9,0
p_TM5P,0
p_MV14,1
p_6SU9,0
p_R2WJ,0
p_1TA6,0
p_JE44,0
p_99CS,0
p_55ZI,0
p_6W2L,1
p_BWX0,0
p_DA00,1
p_4JST,1
p_5D6H,0
p_SSN4,0
p_7Q7L,0
p_6RMR,0
p_86RC,1
p_SA7S,0
p_O9M4,1
p_K9EU,0
p_A3BF,0
p_ZVK7,0
p_11BN,0
p_LV9W,0
p_Q6O3,0
p_D5UC,0
p_IIY8,1
p_VJ4H,0
p_48BP,0
p_QU55,0
p_P8YZ,1
p_2J0G,0
p_S3W9,0
p_O1UV,0
p_9X4V,0
p_CNF9,0
p_E6YG,0
p_I5UQ,0
p_O6Z7,0
p_WK6X,0
p_O5DH,1
p_7DSM,0
p_Z86M,0
p_S6NW,1
p_0K4R,0
p_R1AO,0
p_35UZ,0
p_D6XR,0
p_M8KZ,1
p_3X5U,0
p_7JMY,0
p_SG0V,1
p_UMZ6,0
p_PDD2,0
p_6XU8,0
p_UY38,0
p_E64V,0
p_EIA5,1
p_I0R5,0
p_7VOG,0
p_SY6Y,1
p_3NNI,0
p_J3K1,1
p_26YR,0
p_RWG9,0
p_CF50,0
p_FSW6,0
p_MC8Q,1
p_QK4D,1
p_V0CV,0
p_X16H,1
p_7DX1,0
p_G3Y9,1
p_2J7L,0
p_A78O,0
p_HVV7,0
p_R62R,0
p_8UV4,0
p_HBR3,0
p_NWR3,0
p_ECB8,1
p_M3VW,0
p_WK9N,0
p_BMQ8,1
p_F0Z2,0
p_8KJC,1
p_9GI4,0
p_D4P6,0
p_ZT8P,1
p_1KY6,0
p_R9IO,0
p_1CW7,0
p_JD0U,0
p_KL84,0
p_BG60,0
p_M7HE,1
p_WC1V,0
p_G04A,0
p_6MOT,0
p_4WWN,1
p_IB3M,0
p_M2YB,0
p_R2A0,1
p_C67C,0
p_S4CE,0
p_6KM1,0
p_ME8Q,0
p_I97X,0
p_LT1K,0
p_97HK,0
p_RYW9,1
p_R1SQ,1
p_M79E,0
p_8E2Q,0
p_G1V2,0
p_7IVW,0
p_4OEY,0
p_3TP1,0
p_8SYT,0
p_9G0I,1
p_F1OH,0
p_TU17,0
p_S6R5,0
p_54OC,1
p_3VCX,0
p_0ZPC,0
p_YA4Q,1
p_P8RW,0
p_0L2U,1
p_9NVS,0
p_WK0F,0
p_W3L7,0
p_XH7M,1
p_8YZ7,0
p_K7KH,1
p_1W8Q,0
p_4Q7L,0
p_M3R1,0
p_QO7W,0
p_Y7VT,0
p_WM1E,1
p_XQ09,0
p_6W2P,1
p_54YC,0
p_TY99,1
p_SPO9,0
p_L6T6,0
p_AK12,0
p_5SKZ,0
p_E8S9,0
p_17BN,0
p_AMN3,0
p_17TA,0
p_JO82,0
p_4S8X,0
p_UI9M,0
p_5RAX,0
p_IX98,0
p_R1G0,0
p_3Y4M,1
p_7T3A,1
p_WWP6,0
p_CM12,0
p_17MY,1
p_7ZBU,0
p_75WM,1
p_80VD,1
p_2XIU,0
p_I9TE,1
p_T7A3,0
p_M74H,0
p_S4C6,0
p_GC7B,0
p_Q0Y5,1
p_F1UW,0
p_9WQS,0
p_WQX1,1
p_GID3,0
p_H0PO,0
p_57XZ,0
p_SJ3N,0
p_G67E,0
p_8NBP,1
p_3LFY,0
p_OH4S,1
p_ZC5O,1
p_OD5N,0
p_RS8M,1
p_LP70,0
p_UBR4,0
p_6JYO,0
p_BQ3A,0
p_S56U,0
p_E8Y8,0
p_OX7G,1
p_QU19,0
p_4OKJ,1
p_GOX9,1
p_6P3Z,0
p_T3RK,0
p_1ROC,0
p_S6TX,0
p_6OP0,1
p_UWX4,0
p_GZC9,0
p_Y27V,1
p_83UI,1
p_XH70,0
p_W4SO,0
p_L9DF,1
p_V5F5,1
p_XC15,1
p_LFW2,0
p_V8IV,0
p_P0CZ,0
p_YU2C,0
p_FX45,0
p_O3XM,1
p_8U5L,0
p_UJR8,0
p_J4OB,0
p_VD0U,0
p_V7F5,1
p_6RYE,1
p_2CD3,1
p_LU6E,0
p_JOX2,1
p_5MBC,0
p_FZE9,0
p_7J4Q,0
p_MD67,0
p_U8PF,0
p_3JWU,1
p_SCV8,0
p_B9BT,1
p_D30N,1
p_CP2Z,0
p_U12I,0
p_P6KS,1
p_0ND9,0
p_60YA,0
p_QHD5,1
p_JL52,0
p_2YJT,1
p_6DLY,0
p_2LKM,1
p_75UX,0
p_Y50Z,0
p_73BP,0
p_X1M4,0
p_H9I4,0
p_0E7A,0
p_GK0G,1
p_NW84,0
p_H2ZI,0
p_F0G0,1
p_G3K5,0
p_L0UQ,1
p_B0Y1,1
p_SM4L,1
p_YY22,1
p_OSO3,0
p_44GE,1
p_JEL5,0
p_1CBG,0
p_R21T,1
p_EJ2X,0
p_F3X8,0
p_M6MB,1
p_3EG1,0
p_AB6J,0
p_E49J,0
p_2S2A,0
p_6S9B,1
p_LXU1,0
p_2LZG,0
p_SIJ9,0
p_2Q5N,0
p_MGT2,1
p_FP5W,0
p_R7BI,0
p_ZRE6,0
p_6C6C,0
p_D9JN,0
p_K4WP,0
p_FL5X,0
p_2EK4,0
p_G67H,1
p_C2AI,0
p_3K3A,1
p_EP5C,0
p_2UUV,1
p_4CQW,1
p_88LW,0
p_4K3V,0
p_4YTR,1
p_BP58,0
p_1I2H,0
p_6VA8,1
p_9E7I,0
p_99PP,0
p_8PA1,1
p_N3O6,1
p_29TE,0
p_2L8A,0
p_28FR,0
p_71XV,0
p_8FHW,0
p_OBE2,0
p_EMU9,0
p_W2Q6,0
p_Y8ZC,0
p_IEM9,1
p_SAK8,0
p_78WM,0
p_74LH,0
p_T01W,0
p_1UQH,0
p_QCY9,0
p_JC3B,0
p_FS9J,1
p_C8QT,0
p_DYW5,0
p_5BAR,0
p_E6FV,0
p_K1J9,0
p_TF1R,0
p_LN44,0
p_EIB3,0
p_0LNN,1
p_I1IN,1
p_TA9I,1
p_S9ZK,0
p_5SI4,0
p_X1DD,0
p_VH65,1
p_ILC2,1
p_8A3J,1
p_C9WM,0
p_16KO,0
p_PE5Z,0
p_32KA,0
p_QL8P,0
p_8B6U,0
p_1NAW,1
p_31TT,1
p_JXO4,0
p_4QTJ,0
p_2CAC,0
p_V28J,0
p_6Q6P,0
p_1O4Q,0
p_6UAP,0
p_7XH1,1
p_O39N,0
p_8YBH,1
p_4SLP,1
p_8H3I,0
p_4UJ8,0
p_UG93,0
p_DKR8,0
p_E0W9,0
p_SF1K,0
p_PL60,1
p_1RU9,1
p_WT24,0
p_2R1P,0
p_52XK,0
p_YQJ3,1
p_HI43,0
p_X6GJ,0
p_2RPG,0
p_V1PB,0
p_UI7Y,0
p_8LYF,1
p_JU5X,0
p_V1T7,1
p_EU2H,0
p_RUV3,1
p_Y2FX,1
p_4S1I,0
p_7QJ3,0
p_XE47,1
p_9QAU,0
p_I14H,0
p_1MZ7,0
p_L0PU,0
p_9O0K,0
p_0D2W,0
p_7I3Q,1
p_SA5U,0
p_D3UO,1
p_ZM7F,0
p_VRX0,0
p_VV7D,0
p_Y46T,0
p_JM1J,1
p_X3PV,0
p_K5SP,1
p_7DC6,0
p_Y6VE,0
p_74MW,0
p_B8Q8,0
p_6XIN,0
p_87UP,0
p_R86A,0
p_FJ90,0
p_OE66,1
p_DI9L,0
p_W22S,0
p_TVZ0,1
p_JXJ3,0
p_Y7DQ,0
p_2Y8U,0
p_6H2Z,1
p_5THY,0
p_9HUW,0
p_1RF5,1
p_6LTJ,0
p_QZ40,0
p_X8U2,1
p_X8CW,0
p_RX16,0
p_9SEI,0
p_2OJI,0
p_XDH5,0
p_KE22,0
p_0K8C,0
p_NPQ9,0
p_OZ3D,0
p_A3K3,1
p_9TB7,1
p_AV7T,0
p_5UA7,1
p_JM14,0
p_U6XJ,0
p_6GVB,0
p_ZPT8,0
p_7S4Y,1
p_5Q8O,0
p_AMV4,1
p_8CDL,0
p_92CK,1
p_CQ20,0
p_ON45,0
p_7QDI,0
p_PL8I,1
p_J4TN,1
p_2QU5,1
p_VU9O,1
p_M65Z,1
p_57DJ,1
p_U1RQ,1
p_83MK,0
p_T9K0,0
p_8LKR,0
p_2JNI,1
p_5CPP,1
p_OZ87,0
p_14MF,1
p_AC2E,0
p_1LX8,1
p_VH11,0
p_MB56,0
p_UMY4,0
p_GH4I,0
p_81CT,0
p_B29H,0
p_QF55,1
p_ZI99,0
p_4OH1,0
p_9DVP,0
p_1ESN,0
p_8T0B,0
p_C2KG,0
p_4E0C,0
p_Q34C,1
p_7L5X,0
p_1K5S,1
p_E75Z,0
p_XX0P,0
p_LQ43,0
p_1XF8,0
p_6R2G,0
p_T5KD,1
p_0DC7,1
p_P0NY,0
p_CD7Z,0
p_OVO1,0
p_OES4,1
p_T2UG,0
p_QQ3M,0
p_0TRX,0
p_B6UF,0
p_VXV3,1
p_L3CK,1
p_P9G7,0
p_Q92E,0
p_I9T5,0
p_CC0N,0
p_56BP,0
p_PW3H,0
p_1ZJD,0
p_15LH,0
p_K9MK,0
p_6FYX,0
p_SQ45,0
p_B3VA,1
p_BDK0,0
p_77RI,1
p_R47W,0
p_2KQW,1
p_1WU3,1
p_6EEW,1
p_A14K,0
p_8RII,1
p_FMO7,1
p_N7OK,1
p_5V5Y,0
p_8U5J,0
p_82BF,0
p_9EBU,0
p_4HA2,1
p_9XB7,0
p_81OL,0
p_R4I4,1
p_G76Z,1
p_21ZQ,1
p_1JE4,0
p_6TGE,0
p_G4IL,1
p_6J8H,0
p_TX8Z,1
p_4OY0,0
p_UHN3,0
p_TAG6,0
p_9FU5,1
p_P93U,1
p_AG4E,0
p_9ZOZ,0
p_WF5V,0
p_2CBM,0
p_U0BL,0
p_3K2F,0
p_H68J,0
p_XT9S,0
p_2D5K,0
p_ZA2I,1
p_8M3R,0
p_IE9J,0
p_2X6C,0
p_C98T,0
p_SK61,0
p_K4PH,1
p_CV5P,1
p_XV7I,1
p_Z5WV,0
p_35EL,0
p_I09G,1
p_O8E7,1
p_3UXN,1
p_5UHS,0
p_SFK0,0
p_PO3A,0
p_PW5I,1
p_C9D0,0
p_FQ6X,1
p_37AK,0
p_A87V,0
p_SOW0,1
p_T4Y7,0
p_7T7U,0
p_6TOZ,0
p_A7G1,0
p_D8EO,1
p_1Y9L,0
p_7D4C,0
p_M4C6,1
p_I7Q0,0
p_NO01,1
p_62WK,1
p_K20E,0
p_83EJ,0
p_I16P,0
p_C4LK,0
p_93BA,0
p_0NQM,0
p_LVS1,0
p_5OE6,0
p_S31T,1
p_T6AZ,1
p_B5QP,0
p_LAA1,0
p_U6OC,0
p_C9AZ,0
p_1Q5V,1
p_GQ8I,0
p_H9Z8,0
p_S0S1,1
p_ZG7X,0
p_DH4B,0
p_RI17,0
p_53RA,0
p_U48K,1
p_EBD4,0
p_9L6R,0
p_HO9H,0
p_XE6J,1
p_63BW,1
p_W4OE,0
p_48UA,0
p_N99W,0
p_E3H5,0
p_K3LL,0
p_RAX1,1
p_F9EN,0
p_AV65,0
p_N80L,1
p_QL25,0
p_V1A8,1
p_5CUE,0
p_8TCI,0
p_NLL3,1
p_KC75,1
p_9P1P,1
p_K45J,0
p_8VPD,0
p_KRJ9,1
p_14UN,0
p_3RTF,1
p_1ODN,0
p_R48F,1
p_A84M,0
p_B0WG,0
p_PQT4,0
p_5LMM,1
p_M63K,0
p_79BN,1
p_N25W,0
p_9Q6Z,1
p_00CI,1
p_28RH,1
p_JZR5,0
p_U0K6,0
p_PC2B,0
p_1J3R,0
p_79MK,1
p_E40C,0
p_8P3Z,0
p_9P8W,0
p_GB68,1
p_DIZ0,0
p_DJ08,1
p_OER8,0
p_O70V,0
p_O37B,1
p_DS97,0
p_JGP2,0
p_V33P,0
p_UYU4,1
p_8QZ7,0
p_3ING,1
p_8HJG,0
p_IAE4,1
p_L7HP,0
p_6XJS,0
p_I8E4,1
p_X5HS,0
p_W99X,0
p_4OS0,0
p_2OEA,0
p_2RGP,0
p_04DR,1
p_U9K3,0
p_5VS6,1
p_FN86,1
p_42HG,0
p_PP7Q,1
p_I6P3,1
p_B8QA,1
p_7F2A,0
p_T64M,0
p_2IMO,0
p_C4BQ,0
p_ZO27,1
p_MX0Q,1
p_4OF4,0
p_49OX,0
p_Q1RE,0
p_EDY0,1
p_2VB2,0
p_6E0I,0
p_1U8A,0
p_NXK3,0
p_J2KZ,0
p_9IW3,0
p_P2H7,0
p_VBT4,1
p_5FP0,1
p_6GLX,1
p_5PVC,0
p_HV0Q,1
p_4K4F,0
p_0X3X,1
p_2PPW,0
p_2KPW,1
p_9J6W,0
p_I1YY,0
p_8WA2,0
p_BV63,0
p_I27Q,1
p_O26C,0
p_JGO0,0
p_5D7Z,1
p_Y6N8,1
p_62EQ,1
p_92ZR,0
p_6TUO,0
p_5T8A,1
p_MO47,1
p_JB8O,0
p_J9IM,0
p_O4NF,0
p_OG9J,1
p_6RZ4,0
p_71PL,1
p_8R1I,0
p_83AP,0
p_IRV1,0
p_PH3B,0
p_2MY8,0
p_RJ04,0
p_V69L,0
p_61HY,0
p_0URB,0
p_70LQ,0
p_X7G8,0
p_EUV7,0
p_GJO9,0
p_QG20,0
p_SH3V,0
p_5AF9,0
p_NC5G,0
p_J1F0,1
p_CM2E,0
p_7MV6,1
p_UB2X,1
p_HAE1,1
p_6GGU,1
p_IY09,1
p_ET04,1
p_OD4Y,1
p_ZZ5C,0
p_MU8U,1
p_2ESV,0
p_O95N,0
p_P9K8,0
p_7PIZ,1
p_8X7T,0
p_4EVT,0
p_XM1A,0
p_DM5H,0
p_23FC,0
p_ZOI7,0
p_7ADK,1
p_2ZTO,1
p_B4NR,1
p_4AE9,0
p_Y7V7,0
p_0WLA,0
p_ILU2,1
p_5BIN,0
p_V1KJ,0
p_Q40L,0
p_PZV9,1
p_CU0B,1
p_6NIW,0
p_76QC,0
p_B10K,0
p_QNA7,1
p_UM3B,0
p_4UA2,0
p_UAT6,0
p_UH1Q,1
p_K50X,1
p_9TIG,0
p_55NP,0
p_0B3O,0
p_SY92,0
p_AK2M,1
p_2ARP,0
p_MVP5,0
p_3UGY,1
p_XMZ6,0
p_LMX6,0
p_R44H,1
p_18RU,1
p_1HNE,0
p_YX4Q,1
p_7WOX,1
p_K1V0,0
p_5M8Q,0
p_XA53,0
p_T6J5,0
p_13HJ,0
p_N68V,0
p_5DSX,0
p_V8KQ,1
p_3I4O,0
p_28ZL,0
p_1OC4,1
p_78SC,1
p_BR45,1
p_CK7M,0
p_6Q9N,0
p_8MMR,0
p_MX24,0
p_W7IR,0
p_T3EK,1
p_10RG,1
p_Q0GG,0
p_E2X0,0
p_ZTN5,0
p_7JS8,1
p_J6R3,0
p_36OD,1
p_VT41,0
p_HP10,0
p_1UG7,0
p_K2QT,0
p_T7IT,0
p_X8ZM,1
p_0BPF,0
p_HWF3,0
p_2YZR,0
p_51XG,0
p_OCQ2,0
p_K5FR,1
p_VDY3,0
p_41CP,1
p_3PPH,0
p_LD1C,0
p_B6A9,1
p_8BY8,0
p_GTB8,1
p_8FW1,0
p_58BL,0
p_PXY9,0
p_C07E,0
p_9FQN,0
p_9L8Z,1
p_N93O,1
p_K11R,0
p_6C4H,1
p_OMJ4,1
p_WL9F,1
p_J2KW,0
p_0WQM,0
p_4NBP,1
p_6K0M,1
p_U8VA,0
p_88UR,0
p_X4GO,0
p_G7E9,0
p_N7N2,1
p_PU34,1
p_AH94,0
p_HEK2,0
p_W26H,0
p_2WMA,1
p_Q8K8,0
p_C8OI,0
p_FS09,0
p_E8L6,0
p_2DS7,1
p_78IA,0
p_9KVG,0
p_I61N,0
p_L5N9,0
p_MF03,0
p_T2TE,0
p_NS32,1
p_W0A5,0
p_8DZ2,0
p_IA02,0
p_EZ70,0
p_U23M,1
p_0OV1,0
p_2EO9,0
p_VC5V,1
p_OMA2,1
p_3LS8,0
p_V8IM,0
p_SG39,0
p_OZ4C,0
p_7II8,1
p_KWR3,1
p_9GF3,1
p_K9J3,0
p_6BY8,1
p_AS8P,0
p_C1CZ,0
p_O1ZT,1
p_S8E7,1
p_JS07,0
p_6LFY,0
p_9O9C,0
p_F2MW,1
p_H4AW,0
p_QOP8,0
p_NO6Z,0
p_WE6H,0
p_U5M7,1
p_55KH,1
p_RX28,0
p_4J9O,1
p_RXL1,0
p_72FH,0
p_1VV5,0
p_9SEH,0
p_BYM5,1
p_M1ZN,0
p_5FBD,0
p_R2A1,1
p_X36S,0
p_Y2YR,1
p_OM02,0
p_G9VG,0
p_4J2N,1
p_DJ7X,0
p_A49L,0
p_X1U2,0
p_U61N,1
p_J88C,0
p_W6Q4,1
p_6HW5,0
p_D3OL,0
p_0LC8,0
p_86QY,0
p_FMJ9,1
p_5BPI,0
p_J2X0,0
p_6PWZ,0
p_D7XJ,1
p_A8TG,0
p_RQJ3,0
p_TAF2,1
p_TAT6,1
p_G5HJ,0
p_T63F,0
p_1I0W,0
p_9N3J,1
p_H4A2,0
p_IJ66,1
p_5ZZW,0
p_1PUD,1
p_UBW3,0
p_0DYD,0
p_4WLL,1
p_8LP8,0
p_0F0U,1
p_A18Z,0
p_1EX2,0
p_U2ZC,1
p_VU7L,0
p_F4BI,0
p_GLZ7,0
p_8H3Q,0
p_RHQ2,0
p_G58R,0
p_Y4Z9,0
p_G7J8,1
p_ESK4,0
p_6GX3,0
p_E0H3,1
p_HE4S,1
p_WN7D,0
p_Y9F7,0
p_MYQ3,0
p_PU2C,0
p_H9MH,1
p_29HM,1
p_WTA8,0
p_QM61,1
p_BY6Q,0
p_KP7Z,1
p_VM2D,0
p_I6B7,0
p_7N4G,0
p_M8EW,0
p_U1V6,0
p_ZH9W,0
p_D2X1,0
p_JOZ9,0
p_8NBG,0
p_G0NQ,1
p_7KUP,1
p_P8ND,0
p_8WVW,0
p_78GN,0
p_PP28,0
p_1KC8,0
p_E02Q,0
p_GB6Q,0
p_9P6G,0
p_2XWR,0
p_FB3K,1
p_3FIX,1
p_6DWI,0
p_2VNZ,0
p_IV8F,0
p_F68X,0
p_K18D,0
p_G1YZ,0
p_CC70,0
p_2STB,1
p_WK3J,0
p_FW11,0
p_U90M,0
p_6S8F,0
p_I7A0,0
p_PYZ9,0
p_N2XP,0
p_2RW9,0
p_DU26,0
p_B3V1,0
p_MPG3,0
p_C7C1,0
p_A61D,1
p_9R2Y,0
p_JC7X,1
p_D3N3,0
p_31BF,1
p_NQW5,0
p_BS15,1
p_87DB,1
p_1F6M,1
p_65KI,0
p_R31Q,1
p_RH35,1
p_Q80E,0
p_8BL6,0
p_CYB2,0
p_W3A9,0
p_AUN6,0
p_OG0I,1
p_DQ0M,1
p_29KO,1
p_G6BV,0
p_BFI5,1
p_93BZ,0
p_Q4JJ,0
p_W1EP,0
p_5ZOU,1
p_28TY,1
p_4GDD,1
p_BT4X,1
p_MOI6,0
p_57FD,0
p_Z2HX,0
p_MIS3,0
p_M17H,0
p_VLP2,1
p_5VMI,1
p_3YD1,0
p_RF72,0
p_VU3G,0
p_U3Y3,1
p_J44L,1
p_N2K0,1
p_05TJ,1
p_6SQ6,0
p_Z8G9,0
p_4GMG,0
p_1V7U,0
p_5PG3,0
p_4EQW,1
p_0KM1,1
p_7SVT,0
p_FDE2,0
p_5OT2,1
p_6UI7,0
p_0RF8,1
p_3HLB,0
p_TZ8S,1
p_6AEN,0
p_1HH9,0
p_63WM,0
p_HLK6,0
p_MR80,0
p_LO1X,1
p_94DE,0
p_69DM,0
p_5PIL,1
p_74MO,1
p_2WOM,1
p_QU70,0
p_RD95,0
p_J8GN,0
p_9NVZ,1
p_Y4GA,1
p_QY01,0
p_6ZOH,0
p_4KOD,1
p_H6WY,0
p_FB7O,0
p_KL7C,0
p_Q0L7,0
p_9ORY,0
p_FQ47,0
p_BOV1,0
p_I1JW,1
p_UF5V,0
p_1UO7,0
p_OK10,1
p_9XBG,1
p_5TA7,0
p_HHM4,0
p_BB8N,1
p_K2BL,1
p_R1S1,0
p_RWM5,0
p_6IQS,0
p_MK6L,0
p_25XT,0
p_U1K2,0
p_6UXI,0
p_KQ74,0
p_8V6G,0
p_4IMF,0
p_ZX8T,0
p_6X0D,1
p_31ZJ,0
p_U85W,1
p_XK0L,0
p_N2BD,1
p_6W0V,0
p_XVC8,0
p_VX62,0
p_5QQ8,0
p_H6GL,0
p_3QM9,0
p_1AW2,1
p_0BIO,1
p_8SD8,0
p_3YB8,1
p_3OPS,1
p_RX65,0
p_9IBS,0
p_BP8F,0
p_A07C,0
p_FPH2,0
p_05QQ,0
p_P2ZU,0
p_6CI3,1
p_O6X7,0
p_CT67,0
p_ZDJ5,0
p_P74X,0
p_7BIP,0
p_MC03,0
p_17SW,0
p_5OF8,1
p_X29M,0
p_8VZX,0
p_LC5I,1
p_6PPP,0
p_52DL,0
p_M7YP,1
p_6H4U,0
p_Y3FD,0
p_1KGY,1
p_03DS,0
p_Z6M6,0
p_HL6O,0
p_8XZF,0
p_M72A,0
p_U7QA,0
p_PY5A,0
p_0L5E,0
p_87WL,0
p_7CWS,0
p_9XNE,0
p_19UH,0
p_E7KH,0
p_S13H,0
p_7AH6,0
p_00NT,1
p_4E7J,1
p_3CQE,0
p_B3EI,0
p_78CW,1
p_09YV,1
p_44QR,0
p_0LH7,0
p_8MPU,0
p_OR34,0
p_QDE8,0
p_4T9V,0
p_U0S3,0
p_J43Z,0
p_23VC,0
p_2JK7,1
p_4TX3,0
p_G3V3,0
p_4H3F,1
p_L78E,0
p_DV1T,0
p_Y9WR,0
p_3Y7S,0
p_63YU,0
p_8X7J,1
p_4B6B,1
p_W1XJ,1
p_V2Y9,0
p_A0B1,1
p_WZ1R,0
p_GWA3,0
p_NO7J,0
p_6S8Q,0
p_79ZO,1
p_G90D,1
p_FC42,1
p_X7CW,1
p_BG8N,0
p_L69P,1
p_EY7M,1
p_FK7G,0
p_TNW5,1
p_AB2E,1
p_05RD,0
p_5SZV,0
p_K5UV,1
p_0HN2,0
p_R82G,0
p_M6V3,1
p_Z94C,0
p_H63L,0
p_QJ15,1
p_IB86,0
p_W84N,0
p_B5NK,1
p_9ZUR,1
p_R5OJ,1
p_CO7O,0
p_1F5V,0
p_DVL1,1
p_DE49,1
p_SRM7,0
p_6VIT,0
p_FE57,0
p_F10S,0
p_93VE,0
p_IVR5,1
p_4GMV,1
p_19YC,0
p_R02E,1
p_0UPS,1
p_IY9K,1
p_G1SU,0
p_M97R,0
p_X1LE,0
p_6BA7,1
p_1TMG,1
p_Z85W,0
p_L8ZJ,1
p_P0B7,1
p_4CR3,0
p_E0I8,0
p_3AFM,0
p_MN3F,0
p_39CO,1
p_29HE,1
p_HN6F,0
p_KU39,0
p_SV44,0
p_EF01,0
p_U3D5,0
p_LP22,1
p_I7A1,1
p_3KMU,0
p_L9Z2,1
p_JBB8,0
p_S7E3,0
p_K78V,0
p_K97S,0
p_NY5E,0
p_3ZBF,1
p_M5WZ,1
p_D8YR,0
p_5WW5,0
p_GW3J,1
p_4PO0,1
p_5N1S,1
p_C5YD,0
p_5MP2,1
p_SP83,0
p_2JUX,0
p_FD97,1
p_PYL7,0
p_3QFU,1
p_U3F5,0
p_60NL,0
p_9RWH,1
p_GIF9,0
p_UN95,0
p_30ZC,0
p_B37J,1
p_1GF3,0
p_QLV2,1
p_7MK5,1
p_8OT7,0
p_A83X,1
p_LE71,0
p_99BC,0
p_W3U6,1
p_HUT8,1
p_88SL,0
p_O7Q1,0
p_OJ9L,0
p_B8OD,1
p_V4T1,0
p_8YFP,0
p_5U7N,0
p_8ZW6,1
p_9MKM,0
p_6VPW,0
p_KD53,0
p_GB44,0
p_1PE3,0
p_S7JD,0
p_WM27,1
p_6S0Y,0
p_UZ10,0
p_L56T,0
p_67SB,0
p_Z52V,0
p_T19U,0
p_G9ZQ,1
p_B9VV,1
p_8RY4,0
p_PE69,1
p_D3FS,1
p_2UVY,1
p_21NE,0
p_B7EW,0
p_PG73,0
p_SX11,1
p_1N4U,0
p_J5V7,0
p_RW1T,1
p_3RK9,0
p_FE32,1
p_GTA5,0
p_R6PB,1
p_GOK1,0
p_QT46,1
p_YDB0,0
p_98HF,0
p_5U4F,0
p_27FG,1
p_M19B,0
p_E0M5,0
p_2VQU,1
p_YWT7,0
p_LXE9,0
p_LKU1,1
p_X5Y3,0
p_Z0S3,0
p_B0LA,0
p_90PN,0
p_F9RE,0
p_VKI5,0
p_S0K5,0
p_JNB4,0
p_1ELQ,0
p_5B7B,0
p_A0I9,1
p_98CP,0
p_17FN,1
p_K71O,0
p_K8CX,0
p_14JR,0
p_6O4X,0
p_0TE0,1
p_9GZO,0
p_OM01,0
p_7AS0,0
p_VZ92,0
p_2TK6,0
p_FS8U,1
p_L5W0,0
p_Y85G,1
p_4ZQJ,1
p_1KJ9,0
p_OFM4,0
p_DW2D,0
p_3QG9,0
p_QKD9,0
p_N1LQ,0
p_4EEB,0
p_W6J7,0
p_45DK,1
p_85XZ,1
p_H74Z,1
p_C06R,1
p_GC0U,0
p_7A1N,0
p_1V9P,0
p_BY58,1
p_F3CD,0
p_SF6C,1
p_0GS7,1
p_8XEZ,0
p_Y3SG,1
p_9ELU,1
p_M4H9,0
p_10MD,1
p_CGD4,0
p_PY3Z,0
p_U7YI,0
p_EPC2,0
p_XQ0K,1
p_UA5S,0
p_Q0WU,0
p_X1W5,0
p_Y7L8,0
p_36TY,0
p_J3LG,1
p_87HT,0
p_18CU,1
p_QZK7,0
p_9NZN,0
p_Y7A2,0
p_8PG4,0
p_RQ9V,1
p_Q4JT,0
p_GF6S,1
p_U0KJ,0
p_U02Q,1
p_OM14,0
p_AQ8C,0
p_DZ22,1
p_86ED,1
p_UN14,1
p_U6T0,0
p_2RGC,0
p_Z2GU,1
p_Y5O4,0
p_66TZ,1
p_WZ2H,0
p_5QH4,0
p_M6FU,1
p_7BS1,1
p_8AHB,1
p_TDL2,0
p_EB62,1
p_G5Y0,0
p_1ZM5,0
p_B4AA,1
p_71ZM,1
p_SZ15,1
p_M7Y4,1
p_E2Q4,1
p_L31B,0
p_EGP9,0
p_J9XR,0
p_FN7C,1
p_BX9M,0
p_A3Q4,1
p_69BF,0
p_8P3H,0
p_S1SX,0
p_M2CV,0
p_BH4K,0
p_OMR4,0
p_I0LV,0
p_UM0N,0
p_DLW1,1
p_6A5K,1
p_8WMV,0
p_WK2M,0
p_N0GT,1
p_G68Y,0
p_6EZ9,0
p_TH3R,0
p_CZ2B,0
p_W2B8,0
p_0LK4,0
p_QO2M,1
p_Y1A8,1
p_FL03,0
p_N4O2,1
p_MCP9,0
p_3QQ4,1
p_10ST,0
p_47AB,1
p_RV8U,1
p_MG14,1
p_97EP,0
p_G6CC,0
p_KCC3,0
p_EYA3,0
p_E9X6,0
p_3YC3,0
p_NHP4,0
p_5HI0,0
p_M6LW,0
p_SL96,1
p_7DKQ,0
p_S79R,0
p_RW30,0
p_XM9N,0
p_X3S8,0
p_RR00,1
p_LHM2,0
p_QJN6,1
p_KMJ6,0
p_CK7P,1
p_SB5B,0
p_3VP4,1
p_F5WL,1
p_9J5B,0
p_4F1P,0
p_A3LU,1
p_T85O,1
p_MFV1,0
p_7K3O,0
p_BW4L,1
p_0IHY,1
p_IHP9,1
p_7UX5,0
p_XEU1,0
p_6ESQ,0
p_H73E,0
p_UIM6,1
p_XBC1,0
p_B3LT,1
p_P19X,1
p_PMD0,0
p_G5AX,0
p_M8N7,0
p_33DX,1
p_N4ST,0
p_FE92,0
p_30LP,1
p_CRO2,0
p_I10K,1
p_56ZR,0
p_T5Z4,0
p_L1VL,1
p_JM6H,0
p_3FQ0,0
p_HXP4,0
p_WKD0,0
p_2FUY,1
p_N01C,1
p_UH2Y,1
p_J5Y6,0
p_0MY6,0
p_90AP,0
p_WY8I,0
p_I9E7,0
p_55MT,1
p_IA4N,0
p_P5V5,0
p_27IZ,1
p_4RM5,1
p_Z0W6,0
p_1PLB,1
p_WNZ0,1
p_XFZ8,1
p_9OUJ,0
p_Y1XA,0
p_7Z0H,1
p_MT07,1
p_8WO9,0
p_EV7V,0
p_2ZM8,1
p_90YO,1
p_XBM3,0
p_9NRM,0
p_55BW,1
p_G61U,1
p_Q9OI,1
p_8EUP,0
p_DDU5,1
p_RD77,1
p_NXZ6,1
p_1EMY,1
p_1DGX,0
p_20II,1
p_4P2P,0
p_PDS3,0
p_O4MB,1
p_WWC2,0
p_R4YG,0
p_KT4S,0
p_F45T,0
p_D0VH,1
p_T9L1,0
p_P7X5,1
p_1IO9,0
p_2EL6,0
p_W29O,0
p_MX8H,0
p_5X8O,1
p_7DLG,1
p_P09J,0
p_V69Z,1
p_15VA,0
p_PGH2,0
p_VK04,1
p_ZD9E,1
p_4XUA,0
p_JI93,0
p_PJM9,0
p_L8MV,1
p_E3SA,0
p_J8R1,0
p_GB1Y,0
p_J2V6,0
p_2GRW,1
p_AZ5C,0
p_2XRO,0
p_IO08,0
p_NJI7,0
p_LJW2,1
p_1UM9,0
p_D2CK,0
p_J8Z8,0
p_N4F9,0
p_9C5M,1
p_7F5O,0
p_NX7X,0
p_Q4F2,0
p_FU1F,1
p_7LRK,0
p_L61J,0
p_HF5B,1
p_GN1X,0
p_UCV1,0
p_V1SU,0
p_PPN3,0
p_QR19,0
p_R6ZX,0
p_HD02,0
p_OG8O,0
p_Z2B1,0
p_5NZ6,0
p_8YD8,0
p_0QY9,0
p_2C5L,1
p_55WM,0
p_GI3O,0
p_1SVD,0
p_CX5D,0
p_8P3R,0
p_2KLD,0
p_KV9K,0
p_YOV6,0
p_6WUQ,0
p_1MW6,0
p_5FFS,1
p_7DME,0
p_PW8J,1
p_HMQ5,1
p_9XHP,1
p_Y6PK,1
p_CQ00,0
p_4ZSD,0
p_IP4Z,0
p_83RR,0
p_5FJT,0
p_EP3S,1
p_0W0T,0
p_LW6P,0
p_R2S9,1
p_30HG,0
p_3S7K,0
p_A33D,0
p_5W1Y,0
p_T6ER,0
p_RK38,0
p_LPP1,1
p_SK1W,0
p_1PXJ,0
p_3AU7,0
p_K5BH,0
p_XD07,1
p_5D1W,0
p_F4U3,0
p_9WUR,0
p_7CF9,0
p_0FZ8,0
p_AAL1,0
p_PO6K,0
p_NBD3,0
p_WL5O,0
p_8V8N,0
p_8XRI,1
p_GH3P,1
p_B9S5,0
p_Y4T2,0
p_V0CB,1
p_IU6L,0
p_3D6A,0
p_QZ0B,1
p_XSQ9,0
p_EDY6,0
p_K7IL,0
p_KL2F,0
p_88TD,0
p_D99O,0
p_IA9A,1
p_MD4E,0
p_M7R0,0
p_2Z3A,1
p_7I8O,0
p_W4I3,0
p_8KJ2,0
p_OOJ3,0
p_KW07,1
p_ZA56,0
p_NR02,1
p_WT2D,0
p_K7KP,0
p_0MN5,1
p_N2CM,0
p_4W9E,0
p_T36J,0
p_LJ75,0
p_1NWX,0
p_6DOF,0
p_GAJ6,0
p_V6SF,1
p_5S8B,1
p_4UZJ,0
p_EC65,0
p_Z3WA,0
p_RLV6,0
p_IUY2,1
p_UU42,1
p_1TF5,1
p_D9DT,1
p_G7KO,0
p_82JD,0
p_ZN62,0
p_8K6V,0
p_59UP,0
p_QWI7,0
p_C58M,0
p_DSN9,1
p_EN83,0
p_IMI0,0
p_NM9V,1
p_H0KR,0
p_G95U,0
p_YNM8,1
p_7S0O,1
p_U4AF,0
p_6A1D,0
p_SBI3,1
p_F0K1,0
p_DLG0,1
p_45LA,0
p_F5AV,0
p_58WB,1
p_I28P,0
p_FT1I,1
p_LC33,0
p_4VK0,0
p_BKW5,0
p_ME8O,0
p_W3HZ,1
p_R1X5,1
p_28NC,0
p_K5O4,1
p_1YA7,0
p_O1GI,0
p_Y6ZT,0
p_6HTH,0
p_02JL,0
p_F9J4,0
p_D3A3,0
p_MF7A,0
p_T48Z,0
p_EV86,0
p_QL4F,0
p_6T8I,0
p_Z0R8,0
p_DA71,0
p_DSW6,0
p_QXR6,0
p_W6O3,0
p_W1VP,0
p_S37B,1
p_2B7J,0
p_S6S9,0
p_RB7C,1
p_RP34,1
p_T7J0,0
p_RQB8,0
p_DC41,1
p_Z58R,0
p_B7J4,1
p_0MN2,0
p_OCB4,0
p_KV0W,0
p_SD43,0
p_50BF,0
p_W1WY,0
p_MDU1,1
p_XE6G,0
p_H36U,0
p_L3PH,0
p_V3HM,1
p_2GYB,0
p_36SM,0
p_FX30,0
p_2E3F,0
p_8KG9,0
p_JG7A,0
p_4T9F,1
p_MV0L,0
p_KDS4,0
p_T4QH,0
p_FKA2,0
p_F2FJ,1
p_5TKE,0
p_8CWT,1
p_U12T,1
p_M29L,0
p_YWY5,1
p_ZFB6,0
p_0EPZ,0
p_0AXZ,0
p_9GA6,0
p_H2XE,0
p_K2Z9,0
p_3Y5Z,1
p_1OJA,0
p_M6DA,1
p_V4GE,0
p_F54C,1
p_SCE9,0
p_0SBV,0
p_3X4F,0
p_28PT,0
p_DD85,0
p_I5EJ,1
p_A95U,0
p_B55Q,0
p_PO7D,0
p_Y4ZS,1
p_K3YR,0
p_5IHB,0
p_K75X,0
p_HL1I,0
p_77MT,0
p_10RQ,1
p_9TAI,0
p_A2YZ,0
p_L8S0,0
p_G82Q,1
p_9D1V,0
p_85EM,1
p_ET34,1
p_2S7R,1
p_4MF3,0
p_ZA76,1
p_LK0A,1
p_7K7I,0
p_D7YU,0
p_9MVC,1
p_CJ00,0
p_5QT3,0
p_GM29,1
p_VKB3,0
p_X3WL,1
p_RK73,0
p_Y60F,0
p_K1NR,0
p_YY84,0
p_S7YO,0
p_VJ1O,0
p_X4SP,0
p_XG15,1
p_5LVT,1
p_LZ8O,1
p_59TU,1
p_Y7OD,0
p_62SI,1
p_NTB6,1
p_V69K,1
p_DS55,0
p_K7DL,0
p_DEU6,0
p_1AA4,0
p_AM88,0
p_3OH3,1
p_NNS1,1
p_0TU6,0
p_9DUS,0
p_RYH8,1
p_4KUY,1
p_WV44,0
p_66XX,0
p_7OAM,1
p_VI81,0
p_9I8S,0
p_9XH3,0
p_BKM5,1
p_U2VN,0
p_0HD9,1
p_VK9S,0
p_36ZP,0
p_4B1U,0
p_JY9B,1
p_1EWA,0
p_3QYI,0
p_0YLL,0
p_YZ44,0
p_T68C,0
p_8KB6,0
p_YX1P,0
p_MC5X,1
p_8DNS,0
p_7QV7,0
p_DT2X,0
p_Y6RJ,1
p_GDX7,0
p_M7Q2,0
p_8GAZ,0
p_E9PW,1
p_3GV6,0
p_9B9U,1
p_ICS4,1
p_STA6,0
p_EBE0,0
p_T70L,0
p_Q3K3,0
p_U3KP,1
p_2UHT,1
p_9Q5C,0
p_GH39,0
p_3B9A,0
p_MRW0,0
p_NI9D,0
p_UO90,0
p_5B2L,1
p_XRL4,0
p_ZN5P,0
p_Z4S9,0
p_W7V0,0
p_TPE7,1
p_3FUY,0
p_ISV3,0
p_L9S0,0
p_UHE0,1
p_JL19,0
p_N1WD,0
p_UWJ8,0
p_TRR1,1
p_CU91,0
p_KHZ6,1
p_L37U,0
p_84AV,0
p_G5CH,0
p_5A8B,0
p_5E8K,0
p_56QE,1
p_O2A5,0
p_44QG,0
p_H8JG,0
p_6SEW,1
p_BNK1,0
p_XU5F,0
p_38PR,1
p_7E2T,1
p_T5XA,0
p_XL5M,0
p_3UF8,1
p_5SZ9,1
p_1JG9,1
p_0Y5L,0
p_S45V,0
p_KUZ0,0
p_7UVS,0
p_V0YO,0
p_4B6A,0
p_K8N8,0
p_23SF,0
p_6QAS,0
p_9O3N,0
p_RA5X,1
p_O58O,0
p_35CW,0
p_MD79,0
p_J4O5,1
p_V15G,0
p_N26U,1
p_T78I,0
p_0DV0,0
p_0NNP,0
p_MLD0,1
p_A1NY,1
p_2LO9,0
p_5P6C,0
p_L68O,1
p_SB12,0
p_G3ZE,1
p_NV6R,0
p_55EN,0
p_5GA2,0
p_YX76,1
p_Q50M,0
p_DLL0,0
p_42NX,0
p_W54H,0
p_E2Z1,0
p_U6XU,0
p_B89T,0
p_6R1L,0
p_F1MN,0
p_9BNS,0
p_PT6U,0
p_CF0J,0
p_I3LM,1
p_OU86,1
p_H7QR,0
p_T7QR,0
p_J9IG,1
p_49NI,0
p_CW8M,0
p_R8H0,1
p_X5Y0,0
p_R8XJ,0
p_C27G,1
p_WG2R,0
p_PZZ1,1
p_29QK,0
p_N3IK,1
p_6UGW,0
p_K4FX,1
p_FXV6,0
p_56KO,0
p_F4C9,1
p_4S5X,0
p_2JY8,0
p_MO8J,0
p_ZX5J,0
p_D8N2,0
p_B3NS,1
p_JY43,1
p_8KAX,0
p_9E8T,1
p_HM86,1
p_89GB,1
p_K9FZ,0
p_V7Z6,0
p_UD6U,0
p_Y0SR,0
p_D9O7,0
p_PX2E,0
p_Z6VC,1
p_KS65,1
p_V3UN,0
p_PB62,0
p_KPQ4,1
p_P23A,1
p_08WI,0
p_Q07D,0
p_N6SL,0
p_X96V,0
p_Y5VV,0
p_R5M5,0
p_IFH9,0
p_XE29,0
p_LR8A,0
p_NB7Z,0
p_DS35,0
p_W91J,0
p_DW9Q,0
p_0DCU,0
p_5KSQ,1
p_A8FE,1
p_5NO3,0
p_F58M,0
p_G6RD,1
p_12GC,0
p_W5F8,0
p_3Q8Q,1
p_O4VT,0
p_2Y2T,0
p_9O6L,0
p_U77E,0
p_FT92,0
p_GT0C,0
p_IKR8,0
p_WT58,0
p_7E5Z,1
p_L2XK,1
p_4RR5,0
p_QBP9,0
p_6K4Y,0
p_2D1J,0
p_GKU5,0
p_5HJS,0
p_74OQ,1
p_40ZX,0
p_8TPH,0
p_GJ50,1
p_K0PC,0
p_5IX4,0
p_XPK5,0
p_QCM4,1
p_U2CX,0
p_21KX,0
p_7KHR,0
p_GYJ3,1
p_8L4U,0
p_C4FF,0
p_NV0A,0
p_85FS,1
p_0FY5,0
p_WE7Y,1
p_RE6R,0
p_1GUV,0
p_1Z3D,1
p_I8AH,1
p_D28Z,0
p_24WR,0
p_7NX6,1
p_V7QS,1
p_B97W,0
p_U29X,1
p_DWJ0,0
p_8FBE,0
p_DM73,1
p_9CYE,1
p_2F2M,0
p_GQ8R,0
p_K45U,0
p_4BVU,1
p_0LLK,0
p_V4A5,0
p_E7HC,0
p_VVU8,0
p_SX38,0
p_ME40,0
p_U2CQ,0
p_N0T8,0
p_VBU1,0
p_B05V,0
p_7THE,0
p_S90M,0
p_HF54,0
p_PS6Z,0
p_A81B,0
p_R36A,1
p_O1RR,0
p_3JN0,1
p_S43U,0
p_VR6A,0
p_6IE0,0
p_MQG0,0
p_GBB0,1
p_2IE5,0
p_3K9R,1
p_U39A,1
p_1HDE,1
p_GMW0,0
p_R1L6,0
p_2RJL,0
p_29XV,1
p_E6QT,1
p_QQA5,1
p_8PVG,0
p_JQ7H,1
p_QJ8J,0
p_V1FH,0
p_0HTP,0
p_7WWF,0
p_8OAU,0
p_K94P,0
p_4FAM,1
p_Q5Y9,1
p_87QL,0
p_1OLH,0
p_Y4S0,1
p_B5CR,1
p_X2P2,0
p_VY04,0
p_MRD9,0
p_89QH,0
p_0JYF,0
p_Y4GB,0
p_AB48,0
p_5ABB,1
p_3CE1,1
p_Z9EM,0
p_RY5H,1
p_M6X4,0
p_W0CR,0
p_MCZ4,0
p_04QI,1
p_FS96,0
p_7VOT,0
p_KC4H,0
p_9Y5M,0
p_X36Q,1
p_1VCZ,0
p_5YTV,0
p_HRN2,0
p_1DAZ,1
p_Q8HO,0
p_OZR4,1
p_0VJN,0
p_9N9I,0
p_UEU9,0
p_FW85,0
p_SDO0,0
p_YM4E,0
p_8IQG,0
p_S9ER,1
p_J05T,0
p_3W2P,1
p_P02H,0
p_5RFC,0
p_F3S2,1
p_Z18G,0
p_2NEN,0
p_QE7F,0
p_JNZ9,0
p_Z4YQ,1
p_Z03P,0
p_9F0C,0
p_WY01,0
p_T7NS,1
p_YSM5,0
p_XLN6,1
p_0C9R,1
p_OOW8,1
p_AR72,0
p_K2TX,0
p_4DQT,0
p_3KJ8,1
p_G9TK,1
p_RAY1,0
p_I2OP,1
p_1T9B,1
p_0KM3,1
p_7K7M,0
p_UQ4A,1
p_DNY4,0
p_VYH8,1
p_1QJP,1
p_Z6AG,0
p_WCB8,0
p_DV4N,1
p_UCL4,0
p_V3FV,0
p_4X7N,1
p_8EYL,0
p_SKQ0,0
p_AE8F,0
p_SY1P,1
p_J85W,0
p_BEE3,0
p_6NBU,0
p_E9EK,1
p_3ZW7,0
p_L08X,1
p_9ION,0
p_VFI5,1
p_6HJI,0
p_S9PF,0
p_5QWM,0
p_1TQ4,0
p_P93J,0
p_TK2T,0
p_4KUO,0
p_F1BQ,0
p_SO02,1
p_RU80,0
p_09FO,0
p_K7O2,1
p_KO76,0
p_GA27,1
p_I4FI,1
p_99FH,0
p_AF3E,1
p_0WB3,0
p_UHV7,1
p_B05B,0
p_2PBO,1
p_2YK7,0
p_J5UW,0
p_3GRN,0
p_VB9W,0
p_2YSO,0
p_1LVY,0
p_8YTS,0
p_6MWA,0
p_K68D,1
p_38DK,1
p_1L7B,0
p_MD81,0
p_ZGE9,0
p_54EP,0
p_85NE,1
p_9NYB,1
p_QYK2,1
p_C7VK,0
p_HD6F,0
p_03WS,1
p_D0IF,1
p_QCT5,1
p_5C4D,1
p_J23L,0
p_5CLZ,0
p_FS1X,0
p_02EU,1
p_55LF,1
p_CS1N,0
p_TK9G,0
p_V5L3,0
p_V2J5,0
p_N2DI,0
p_1RMQ,0
p_F9T0,0
p_T5KE,0
p_8LYN,0
p_BIT8,1
p_7DG9,1
p_Q78S,1
p_XT06,1
p_2BM8,0
p_9W5V,0
p_Z79O,0
p_9FR0,0
p_4UQ3,0
p_M7CM,0
p_M2Q9,0
p_G34F,1
p_X2YQ,0
p_U13S,1
p_P2EA,0
p_NCQ4,0
p_JJ22,1
p_1V8V,0
p_KW5U,1
p_Y0DH,0
p_25YN,1
p_DQ55,0
p_S2A7,1
p_7XFH,1
p_G1CV,0
p_KFL9,0
p_83MB,1
p_Y3Y6,0
p_G4Z4,0
p_A2K6,0
p_YZ74,1
p_DH22,1
p_Y4YI,0
p_HZ53,1
p_ZCQ9,0
p_X2I9,0
p_Y8KC,1
p_2A3O,1
p_JT6U,0
p_CVV6,1
p_4BL6,0
p_YE8P,1
p_3EI9,0
p_5EVD,0
p_Z6ZO,0
p_5UKR,1
p_E53W,0
p_HN26,0
p_6LQ5,0
p_IRR1,0
p_71OF,0
p_X6Y5,0
p_7LZC,0
p_WL09,0
p_LH14,1
p_E11X,1
p_7V0C,1
p_RVE7,0
p_TF7Y,0
p_1Q2E,0
p_RZ98,1
p_72AD,0
p_HR9J,0
p_E69P,0
p_SQ4X,0
p_7W4K,0
p_0Z4Z,1
p_2D1G,0
p_Q27S,0
p_R4GI,0
p_JL3V,0
p_5NZX,0
p_IH74,1
p_4YKH,0
p_J35Y,1
p_KB6P,0
p_6W0F,0
p_K2FX,0
p_ETZ5,1
p_AA7E,0
p_ZCI6,1
p_YW5V,0
p_2N5P,0
p_S8P3,1
p_8URH,1
p_Y8XK,0
p_ZGJ4,1
p_0LJR,1
p_GO47,1
p_F7B2,0
p_9QGR,0
p_6GUC,0
p_1K9Z,0
p_ND3X,1
p_1U1B,1
p_V0UQ,1
p_WTE5,0
p_84DL,0
p_UWQ0,0
p_UH3Q,0
p_31NO,0
p_G65U,0
p_FP7T,0
p_HAX1,0
p_32HF,0
p_UW77,1
p_1Q5D,0
p_HYZ3,0
p_85ED,1
p_5GAZ,0
p_JVT9,0
p_XD80,1
p_AU5Y,1
p_DB96,0
p_6VUU,1
p_TL72,0
p_S4T5,1
p_4RG9,0
p_RK1E,0
p_9SSZ,1
p_5CWT,0
p_3QI0,0
p_YKW0,0
p_9G8Q,0
p_9IMX,0
p_W8CC,0
p_Y2QQ,0
p_KU94,1
p_Z5YR,0
p_5CVT,0
p_B58C,0
p_6RSB,0
p_D3T0,0
p_PJ08,1
p_F3HT,0
p_M2YZ,0
p_Y3K7,0
p_1U1E,0
p_0XD9,0
p_BFM2,0
p_2ZMO,0
p_S64T,0
p_UC8V,0
p_89GV,0
p_B8J7,1
p_2TM5,0
p_61AE,1
p_5N5L,0
p_N22O,1
p_02SA,0
p_4B5R,0
p_04DG,0
p_2QG3,0
p_7YZI,1
p_TL51,1
p_QU56,1
p_I9OI,0
p_G18O,0
p_0GG2,0
p_Y6KY,0
p_7U3L,0
p_ZF55,1
p_Y0FI,0
p_UF0N,1
p_1Y3L,1
p_TMV7,0
p_60WM,0
p_FE7Z,0
p_VB0Q,0
p_Z0AO,0
p_ADD2,0
p_N9DI,1
p_7GJ2,0
p_9GA2,0
p_A6OS,0
p_3E2Y,0
p_YP4L,0
p_G9S0,1
p_9ANZ,1
p_BHI7,0
p_WX6F,0
p_PF4W,0
p_E8QQ,0
p_WE12,0
p_8LD3,1
p_G0UR,0
p_A3V2,0
p_H60G,0
p_7WX7,0
p_RF57,0
p_Z05P,1
p_Y9G1,0
p_5DL1,0
p_1W3X,0
p_3NT6,1
p_8Y0O,0
p_KX73,0
p_LQP9,0
p_I73K,0
p_S9Y6,0
p_T6Q9,0
p_IOV8,0
p_M20U,0
p_13XI,1
p_7TIC,0
p_I29J,0
p_G47J,0
p_23VB,1
p_R0D8,0
p_Q7K1,1
p_P2N4,0
p_3J2P,1
p_GOC8,1
p_EZ65,0
p_7HWD,1
p_OR5Q,1
p_HN5S,0
p_0WF8,1
p_W9DT,0
p_N47Q,1
p_45ZW,0
p_3MQJ,0
p_HE43,0
p_35UG,0
p_FC9C,1
p_K39T,1
p_99ZY,0
p_1UU3,0
p_Q4Y3,0
p_8HM7,0
p_3TN6,0
p_P31Q,0
p_8JY3,1
p_5ZM0,1
p_Z25D,0
p_SR1S,1
p_96VP,0
p_W6ED,0
p_LU83,0
p_YY45,0
p_3SRM,0
p_X11A,0
p_T5HV,0
p_D0LY,1
p_T3N0,0
p_RG86,0
p_GWQ8,1
p_7Z1E,0
p_F4S8,0
p_U2FA,0
p_9CM3,1
p_2LOP,0
p_3LG3,1
p_P6WS,0
p_3PPB,0
p_6RXA,0
p_8S7P,0
p_7CT8,0
p_O26E,0
p_6W3R,0
p_XJ0W,1
p_8B8Y,0
p_C0I8,0
p_XB66,0
p_K4XY,0
p_UU6G,0
p_MLI1,0
p_V9QH,1
p_P9N0,0
p_DT07,0
p_JBZ5,0
p_P9Y3,1
p_TF7P,0
p_5ZV5,1
p_U3Q3,0
p_3PJP,0
p_MA3X,0
p_B4LT,0
p_V37A,0
p_X28T,0
p_RQ4G,1
p_7SXI,0
p_KW0B,0
p_47YV,0
p_7QSE,0
p_2NKX,1
p_Z4R5,0
p_2J4W,1
p_K48P,0
p_Z0V9,0
p_DGQ2,0
p_CW4Y,0
p_E90B,0
p_MFH2,0
p_K7T7,0
p_D3Y2,0
p_P01L,1
p_VJ7S,0
p_VD0W,0
p_ZB2D,1
p_69AC,0
p_Y71Z,0
p_47XL,1
p_ZH00,0
p_74EE,0
p_BQ17,0
p_D2JH,0
p_CB2A,0
p_5LYE,0
p_VJX7,0
p_CAV4,0
p_PH02,0
p_WFS0,1
p_RJX8,1
p_YH57,1
p_JEM1,1
p_4WXK,0
p_5BLX,1
p_0Y8F,1
p_BI79,1
p_W3SE,0
p_AM4O,0
p_3ZKQ,1
p_2YZJ,0
p_A64H,1
p_K7OU,0
p_D3FE,0
p_N0QR,1
p_H16S,0
p_XM4S,1
p_RBK5,1
p_B2ZW,0
p_4D5T,0
p_Z9PC,0
p_3BN5,0
p_63SX,1
p_1V5T,1
p_Z8QI,1
p_G08E,0
p_ES5L,1
p_1H4Q,0
p_0DY6,1
p_Y8W7,0
p_KO9F,0
p_2MKV,1
p_1TM2,1
p_I3N1,0
p_YG3C,0
p_C1P2,0
p_W8F0,1
p_J8GC,0
p_84KV,0
p_UV4J,1
p_R4V3,0
p_3SLX,0
p_9WDJ,0
p_EZ2I,1
p_N07U,0
p_1MJ8,0
p_Z6I9,0
p_7X0M,0
p_LFA5,1
p_8EUL,0
p_PVX5,0
p_DSS9,0
p_7EPI,0
p_C1W6,0
p_VWC0,0
p_IF5P,0
p_5WT9,0
p_E0X6,0
p_9OTH,0
p_4APT,0
p_5BI4,0
p_YUA2,0
p_UP0P,0
p_T7B5,1
p_2O8F,0
p_D9B7,0
p_98ZB,1
p_J5IL,1
p_MBR5,1
p_PQO3,0
p_9AKN,0
p_OR1C,0
p_NW8K,1
p_F01N,0
p_6LJT,1
p_DPS7,0
p_40PF,0
p_P3C2,1
p_J3H1,0
p_6RJ2,0
p_O9VH,0
p_08LM,1
p_LH4A,1
p_6DWO,0
p_JTG4,0
p_SB6H,1
p_LKP6,1
p_5GH1,0
p_3CC5,0
p_Z0K4,1
p_Z2A8,1
p_K86Q,0
p_HM47,0
p_JB00,0
p_M66D,0
p_30WW,1
p_MS93,0
p_B8WZ,0
p_K02U,0
p_23PA,0
p_T66B,1
p_JD53,1
p_RE45,0
p_4KPI,0
p_7Z2W,0
p_LV7Z,0
p_8UA5,0
p_J7Q8,0
p_QE2J,0
p_ED43,1
p_2VBN,0
p_BLD9,0
p_16KG,1
p_OI06,1
p_BMM4,0
p_5WUN,1
p_14DU,1
p_HJ7R,0
p_M2LE,1
p_32TN,1
p_DCN8,0
p_PHW2,0
p_P1P4,0
p_E1KU,1
p_G4S3,0
p_Y4Y5,0
p_8MY1,0
p_TYZ5,1
p_U7T8,0
p_W2S0,1
p_RD5B,0
p_ZN2S,1
p_9GF2,1
p_OIX9,0
p_EC1U,0
p_6MGG,0
p_ZUS1,0
p_7NL7,1
p_PU3E,1
p_TKQ5,1
p_7PCG,1
p_I1OO,0
p_OPA1,0
p_BD90,1
p_G65O,0
p_3XN2,0
p_RPK4,0
p_GYQ7,0
p_5JZG,1
p_4VYX,0
p_3HMW,0
p_NUC7,0
p_I8Q2,1
p_03BW,1
p_EI91,0
p_36CM,1
p_AY5H,0
p_H0Y2,1
p_F3PO,0
p_LOV9,0
p_KG7S,0
p_GKT3,0
p_7Q1F,0
p_T2MB,0
p_2IDJ,0
p_57RY,0
p_3MCN,0
p_YG04,0
p_3EG9,1
p_GYU5,1
p_0ZYE,0
p_J3WA,0
p_2ZSS,1
p_93VT,1
p_WM95,0
p_XT88,1
p_9BQ2,1
p_1DRT,1
p_MC9I,0
p_J17B,1
p_M3JL,0
p_I7EE,0
p_PL5U,0
p_I0L9,1
p_9ZGY,0
p_6PT6,1
p_LX37,0
p_M4YJ,0
p_WMA4,0
p_ZA5N,0
p_4XNK,1
p_K3HO,0
p_B35S,1
p_8GPF,1
p_K5K4,0
p_WJC4,0
p_U0J8,0
p_5K1D,0
p_BIU9,0
p_BWA2,1
p_Z08U,0
p_BM9L,0
p_1O0A,0
p_E8XY,0
p_8UJ1,1
p_SM4X,0
p_A8BP,1
p_WP5H,1
p_3TYC,0
p_FG5Y,0
p_ZG1R,0
p_EO1E,0
p_8T1O,1
p_W9JX,1
p_NI1E,0
p_Z3FC,0
p_49AU,0
p_AND8,0
p_K4NE,0
p_8R4I,1
p_75IG,0
p_0GQ5,1
p_7R6N,0
p_G50L,0
p_1RPN,1
p_5GI0,1
p_DUF4,0
p_4CF9,1
p_J8BO,1
p_N9N1,0
p_3NZQ,0
p_5AC2,0
p_D76M,0
p_IK2Z,0
p_6FBW,0
p_RZ7G,1
p_3IB4,1
p_2QN3,1
p_6RP7,0
p_S90D,0
p_X0F6,1
p_6P6E,0
p_3RZO,0
p_33YF,0
p_L3D6,0
p_Z1Z6,0
p_0A2F,1
p_MJ99,0
p_FL3X,0
p_8T6R,0
p_1O9K,0
p_VO01,1
p_0J5F,0
p_NP0E,0
p_Z15F,1
p_V2I3,0
p_MBX9,0
p_25PU,0
p_N01D,0
p_86LP,0
p_VY32,0
p_D6K0,0
p_NSL7,0
p_Q08Y,1
p_8HUF,1
p_6ZJM,0
p_8DN5,1
p_BF6B,1
p_1G0J,0
p_EPR3,0
p_0M2C,0
p_2LXY,0
p_48SM,0
p_FK7U,1
p_O4OT,0
p_MQ9K,0
p_AO09,0
p_OK0P,1
p_0I5X,0
p_13CD,1
p_6Z5E,0
p_9B5W,1
p_E1W4,0
p_9SWL,0
p_DV32,1
p_UPD9,1
p_SJ21,1
p_2H0N,0
p_J8BT,0
p_GB3T,0
p_G99F,0
p_DW2R,1
p_6ZPZ,0
p_YY7R,1
p_F2TR,0
p_7N4E,0
p_AYO5,1
p_O6M3,0
p_7KGR,0
p_3GJT,0
p_UZ80,0
p_WB9M,0
p_Q3KI,0
p_21CY,0
p_60BZ,0
p_VL5C,0
p_PM4V,1
p_7J0O,1
p_QH1F,0
p_NC8E,0
p_B75H,0
p_6HYW,1
p_9BCZ,1
p_F3W2,0
p_W0ZL,0
p_G8WE,0
p_IK5Q,0
p_4K2U,0
p_7TTP,0
p_Z1JM,0
p_4GIT,0
p_9QFJ,0
p_9R7M,1
p_5HK9,1
p_ZW3Z,0
p_3PXV,0
p_G4OX,0
p_O09X,0
p_II5A,1
p_U0K8,0
p_H8I0,0
p_7UX3,0
p_W7WM,0
p_EC45,1
p_JMN2,0
p_BV73,0
p_AA9X,0
p_44WI,1
p_81UX,1
p_XWN5,0
p_4GG5,0
p_ZM1F,0
p_90LT,0
p_3WMJ,1
p_DQ8T,1
p_K1E5,1
p_TH9F,0
p_1BVB,0
p_V4RV,0
p_O28C,0
p_35DX,0
p_H5R7,1
p_UA5P,0
p_DRD9,0
p_1VNC,0
p_RF8W,0
p_2OM4,0
p_UOJ9,0
p_WQH9,0
p_1N6S,1
p_O0E2,1
p_7OK2,0
p_66TO,0
p_GR31,1
p_G6RG,0
p_9UIV,1
p_DF39,0
p_4P2U,0
p_6IFU,0
p_F82R,0
p_7ZCP,0
p_8LTH,1
p_JQ5P,1
p_1PS4,1
p_3QXQ,1
p_YQK1,0
p_GA35,1
p_FS0I,0
p_4GEZ,0
p_FN96,1
p_HDQ4,0
p_RQS3,1
p_90BG,0
p_A38Q,0
p_3B2N,1
p_V8RS,1
p_8AW2,1
p_NUQ6,1
p_F46T,0
p_GB64,0
p_AU44,1
p_TR8H,0
p_0AHH,1
p_BK0T,0
p_B4XF,0
p_U04Z,0
p_51TC,1
p_DK2C,0
p_0QJ0,0
p_H9SZ,0
p_FAS8,0
p_DS48,0
p_5DQ0,0
p_9C2O,0
p_1RCU,0
p_BV0Q,0
p_NN6Q,0
p_NZ0O,1
p_CA3R,0
p_L37G,0
p_E8BT,0
p_KCN6,0
p_3JFO,0
p_3AJC,0
p_3SHV,1
p_6G7G,0
p_94MK,1
p_0SE1,0
p_5EJH,0
p_4SPR,0
p_3L5G,1
p_78RV,0
p_UZ87,0
p_WZH2,0
p_G7O6,0
p_WD14,0
p_2HZO,0
p_DZ3Q,0
p_D01X,1
p_AT9T,0
p_T05I,0
p_3Y9B,0
p_32WK,0
p_E6PO,0
p_7O1Z,0
p_2AF4,0
p_RIQ5,0
p_PS9H,0
p_4O2N,1
p_82UQ,0
p_9V0P,0
p_D1ZG,0
p_TH1I,0
p_N30O,1
p_AK1V,0
p_K12J,1
p_BRD4,0
p_5US2,0
p_R8V6,0
p_CND4,0
p_Q5A3,0
p_R6H9,0
p_I43V,1
p_EUB8,0
p_KE39,0
p_9TQL,0
p_E1SO,1
p_1Y5W,0
p_9T1M,1
p_D0DQ,0
p_5N1N,1
p_GY66,1
p_CBT7,0
p_IN99,0
p_GAN9,1
p_YJ8S,0
p_5MYD,0
p_8O5W,1
p_SBA8,1
p_O2XD,0
p_V21O,0
p_KR2C,1
p_AO8U,0
p_4HUA,1
p_UJ2Q,1
p_HQ98,0
p_CQO6,0
p_40RF,0
p_DH9D,0
p_CE44,0
p_Y3NB,0
p_1DPU,1
p_Z9XU,0
p_BW21,0
p_INR9,0
p_50AN,0
p_XDH9,0
p_I2U8,1
p_SO56,1
p_OJ59,0
p_MA85,0
p_7S3N,1
p_X0W4,1
p_N2AX,1
p_6CHF,0
p_3CFY,1
p_T8S1,0
p_Z31Z,1
p_8Q1D,1
p_98CN,0
p_5O2L,1
p_M6Y6,0
p_Y5P5,0
p_02MM,1
p_J62V,0
p_DG65,1
p_6LRV,0
p_CA0S,0
p_MSX3,0
p_80JJ,1
p_MIV4,0
p_17QM,0
p_4SP5,0
p_B0UF,1
p_U5CQ,0
p_3UN3,1
p_S3HZ,0
p_3Q5Z,1
p_OPS1,0
p_7YE4,0
p_I3ME,1
p_F2S4,0
p_JU13,0
p_09JW,0
p_P05G,1
p_ND7F,1
p_6A4J,0
p_70JO,0
p_P0U6,0
p_OTH3,0
p_1N1Z,1
p_P0LC,1
p_7UV0,0
p_9BBN,1
p_3H7W,1
p_R77C,0
p_7XNR,1
p_54VG,1
p_IT1W,0
p_1GX0,0
p_C20L,0
p_2F4J,0
p_D23E,0
p_0S1N,0
p_HBG3,1
p_DK88,0
p_CLM7,0
p_3SAA,1
p_VD8B,0
p_7JX6,0
p_WM78,0
p_2KF2,1
p_X27O,1
p_6P8C,1
p_U7EP,1
p_K81R,0
p_PQ9A,1
p_ODH6,1
p_17YX,0
p_30IZ,0
p_7ZH5,0
p_T2WZ,0
p_MKE8,0
p_0G0F,0
p_K0KQ,1
p_39RX,0
p_CG5F,0
p_B2SF,1
p_3WB5,1
p_NF5O,0
p_I76V,0
p_49IT,1
p_9WN4,1
p_V2Y2,1
p_8TB9,0
p_LJZ4,0
p_G5F4,0
p_OV77,0
p_0XZ7,0
p_4XTB,0
p_OOO3,0
p_F2XC,1
p_TF4L,1
p_06BC,0
p_6LUS,0
p_P6NI,0
p_4G5W,0
p_3AQ4,0
p_L1D1,1
p_K0WG,0
p_Q82A,0
p_K7B1,0
p_E8FQ,1
p_J35X,1
p_YPJ4,1
p_UE18,0
p_AZ12,0
p_BN18,1
p_TZ0S,1
p_22OJ,0
p_OAL2,1
p_9P6X,0
p_C6T7,1
p_MUB7,0
p_CM89,0
p_RW20,0
p_0ZW9,0
p_1YNQ,0
p_5M8Z,0
p_1CUD,0
p_JEF0,0
p_A41N,0
p_C37Y,0
p_PVL3,1
p_F5Y2,0
p_6Z6R,0
p_H5TK,1
p_Q36X,0
p_HKO1,1
p_Z1ZC,0
p_RV9X,0
p_NUC0,1
p_A05L,0
p_68IJ,0
p_W1P6,1
p_ZSE5,0
p_2PT1,1
p_2QPY,0
p_J11G,0
p_P9HX,0
p_7F7Z,0
p_2E0D,0
p_54QE,1
p_3KOF,0
p_H2I8,0
p_O08T,0
p_V8T4,1
p_7WJ9,1
p_1D7S,0
p_I9JN,0
p_BKU8,0
p_HD2E,0
p_QOM4,0
p_5AUM,0
p_Z0KG,1
p_T8LK,0
p_1NBY,1
p_GBK7,1
p_Z3WJ,0
p_B6B3,0
p_D5XE,0
p_AZ2B,0
p_VB26,0
p_I5W4,1
p_BEX2,0
p_NC76,1
p_TTD7,0
p_Z3NS,0
p_B65N,0
p_06FW,0
p_X7D8,1
p_ZV99,0
p_AA5G,1
p_9LC1,0
p_X42N,0
p_SG84,0
p_0WZM,1
p_8AXQ,1
p_S1IW,0
p_L1BD,0
p_JOP0,1
p_LEH6,0
p_K0J3,1
p_ZH89,0
p_WBM2,1
p_FAG5,1
p_2L9H,1
p_UQ1A,0
p_19NR,0
p_7ORG,0
p_E5S8,0
p_GP3H,1
p_E60C,0
p_2NW4,0
p_7F0Y,1
p_B0HN,1
p_0R9I,1
p_T0L4,0
p_JKB5,1
p_F4EA,1
p_65AX,0
p_5SK0,1
p_D7W1,0
p_U9ZN,0
p_6XVH,0
p_JR8M,0
p_7LH6,0
p_2FD9,1
p_O99Y,0
p_C86R,0
p_UP5Y,1
p_HBI2,0
p_4W6T,0
p_53LZ,0
p_2LBT,0
p_I5JQ,0
p_YW44,0
p_O6TH,0
p_MV8L,1
p_BD18,0
p_ZSR4,0
p_M84L,1
p_X7UN,1
p_Y5WF,1
p_A9QJ,0
p_H08W,0
p_SK1O,0
p_9DHE,0
p_3UQG,1
p_7DM4,0
p_6M4Q,0
p_DX03,1
p_C5S2,0
p_8NBV,0
p_HJ00,1
p_1BGK,1
p_9C5D,0
p_2GQ0,1
p_G4E1,0
p_9XD4,0
p_92UZ,0
p_Q8DA,0
p_8Y2N,0
p_BB5G,0
p_6HRT,0
p_9FY9,0
p_HR3C,0
p_N7HO,0
p_R8RE,0
p_7SYK,0
p_8AAA,0
p_RW7H,0
p_51AP,1
p_6YMX,0
p_F51S,0
p_GMA6,0
p_H18S,0
p_VI02,1
p_4V7F,0
p_0BHE,1
p_D4PN,1
p_R7K4,1
p_V57W,1
p_W3OT,0
p_3HWM,0
p_82EX,1
p_K5K3,0
p_UYE2,0
p_F75P,0
p_YU01,0
p_PT33,1
p_1BYH,1
p_5TGU,0
p_6HFG,0
p_XGM2,0
p_8QNX,0
p_TAN0,0
p_6YSI,1
p_TH05,1
p_VAF0,0
p_R98L,1
p_C3XE,1
p_5RIU,0
p_O87I,0
p_JFU0,0
p_D39Y,0
p_0R9T,0
p_GT8S,0
p_7QER,1
p_5VRN,0
p_E87M,1
p_4UNS,0
p_FCQ0,0
p_6WQ5,1
p_C96C,1
p_K82Q,1
p_7LG9,0
p_3L4M,0
p_5PDO,0
p_OP9J,0
p_71GP,0
p_2WFZ,0
p_0DV8,0
p_K6YN,0
p_2ISZ,0
p_7ZH2,0
p_Q4YP,0
p_9J5Z,1
p_9NOY,0
p_H6K6,0
p_2I7H,1
p_2YYG,0
p_42SM,1
p_55LB,0
p_W6QA,0
p_FR7Q,1
p_7MMW,1
p_7PW8,0
p_ELH6,0
p_1YL5,0
p_DRL1,1
p_5WGH,0
p_FR3V,0
p_ZB00,0
p_XT80,0
p_T9LJ,0
p_SZ4T,0
p_R8DH,0
p_1MR8,1
p_KPD3,0
p_1TPJ,1
p_OQG3,0
p_KY58,1
p_5WYQ,0
p_8HX2,1
p_7AUU,0
p_H7LJ,0
p_ONZ6,0
p_ZFK1,0
p_PSD9,0
p_AO8W,0
p_X5YK,0
p_0UY7,0
p_2CSH,0
p_8PWZ,0
p_13VH,0
p_YVI6,1
p_E0XI,1
p_N00M,0
p_6WY4,0
p_GRH7,1
p_5LFX,0
p_P80I,1
p_1O6Q,0
p_C9LR,0
p_1W3I,1
p_J05L,0
p_1A4Q,0
p_3Z8L,1
p_3ZGV,0
p_ZXF9,0
p_15YF,0
p_I83A,0
p_3IXR,0
p_7NT9,0
p_M2HD,0
p_DL2U,1
p_7KH2,0
p_9VT6,1
p_2GRS,0
p_FG7Y,0
p_NO1O,1
p_1YTS,0
p_6MPK,0
p_ZUS6,0
p_9WP2,1
p_L18U,0
p_JG49,1
p_GC6U,0
p_EW7J,1
p_X3F8,0
p_P8WF,1
p_2ZH6,1
p_9FZH,0
p_03RJ,0
p_FC11,1
p_ZFV4,0
p_PXD8,0
p_G9O9,0
p_P56V,0
p_RZ9H,1
p_UTZ1,0
p_VR7W,1
p_NC7P,0
p_NTN6,0
p_85AV,1
p_1JKQ,0
p_R21I,0
p_N4GN,0
p_VO52,0
p_05XV,1
p_IAC2,1
p_5V5N,0
p_JL4N,0
p_N5WB,1
p_8NQM,0
p_HH1B,0
p_39DA,0
p_LP18,1
p_EB51,0
p_8Q4H,1
p_V40M,0
p_F5GM,0
p_EP38,0
p_76VL,0
p_RZ9B,0
p_I4E7,0
p_2VWV,0
p_QH7C,0
p_06MZ,0
p_7OJ7,0
p_E1JA,0
p_AB23,0
p_7M0L,0
p_RAJ2,0
p_CLM0,1
p_80TD,0
p_L9CD,1
p_7FTU,1
p_PB8H,1
p_4ETI,0
p_QHP3,0
p_7WV6,1
p_T2B9,0
p_ED0L,1
p_59JQ,0
p_QW7I,0
p_Y70L,0
p_VR53,1
p_FSE0,0
p_T3UW,0
p_U61L,0
p_4NAV,0
p_JVS2,1
p_RU30,1
p_VPU9,0
p_53RF,0
p_3MXL,0
p_9QX8,1
p_MW2F,0
p_1G3I,1
p_3Z4T,0
p_J2AZ,0
p_3LU5,0
p_EL14,1
p_BO17,0
p_V15W,0
p_AF9V,1
p_CU9L,0
p_7VSQ,0
p_T0H9,0
p_UC6I,0
p_NB8O,0
p_EH2Y,0
p_6P2H,0
p_RPX9,0
p_6HHT,0
p_51OZ,0
p_9ISK,0
p_6TB9,0
p_J70H,1
p_X5Y2,0
p_15NU,0
p_LUA2,1
p_Q7NE,0
p_8YJ3,1
p_ZS9C,1
p_PRJ8,0
p_ZH45,0
p_WH4Y,1
p_60KA,1
p_56ZP,0
p_GL2Q,0
p_QU0M,0
p_C7ZC,0
p_P9QM,0
p_4TLS,0
p_68BG,0
p_LI46,0
p_J4C6,0
p_9WD9,0
p_9JWX,0
p_Q6BQ,1
p_4YJK,0
p_S5HH,1
p_ZA22,0
p_DQC0,1
p_00QQ,1
p_9ZHM,0
p_W5IZ,0
p_R85E,1
p_7G2I,1
p_S61M,0
p_8EIN,0
p_R5IM,1
p_A5O5,0
p_BT3D,0
p_CV79,0
p_9LG4,0
p_1QG4,0
p_XAK8,1
p_E8N1,0
p_7QUW,1
p_IB8R,1
p_RO0Q,0
p_53HQ,1
p_6UX1,0
p_HXI8,0
p_P1C6,0
p_RX51,0
p_QR54,0
p_LOO7,1
p_N6L6,0
p_SG4F,0
p_X2SZ,0
p_Y4P1,0
p_0F5T,0
p_B6J4,0
p_P9V5,0
p_GK77,1
p_1P0J,0
p_LAV8,1
p_PQD4,0
p_D9M8,1
p_A9CQ,1
p_1U5D,0
p_2A8R,0
p_VI8O,0
p_PNH5,1
p_2EL8,0
p_O4I4,1
p_V15O,0
p_8R7R,0
p_Y49J,0
p_FYN5,0
p_X01R,0
p_B7ZT,0
p_0G5C,0
p_77EZ,0
p_MK69,1
p_65OX,1
p_Z85H,0
p_F68W,1
p_48HT,0
p_8R1H,1
p_NQ0J,0
p_JAY3,0
p_HQT1,0
p_K8V2,0
p_6ILG,1
p_6L5W,0
p_E1HO,1
p_D10B,0
p_4ORN,0
p_0NW1,0
p_G58E,1
p_N56P,0
p_73JR,0
p_K9WF,0
p_13JN,0
p_BI4U,1
p_0U1Z,0
p_7D0Q,0
p_NLE0,0
p_Q4IO,0
p_Z9VL,0
p_X0PI,0
p_KQ91,1
p_VHU6,1
p_9ML1,0
p_P26P,0
p_11GZ,0
p_G8KD,1
p_9Y5G,0
p_6YY5,0
p_BGZ9,1
p_R2U6,0
p_O4WT,0
p_XC79,1
p_G40Q,0
p_3OGC,0
p_15TK,1
p_OPP4,0
p_4CL1,1
p_UPO8,0
p_N6NY,1
p_14CB,0
p_T2C3,0
p_W4KL,0
p_UX21,0
p_DNE5,0
p_MJJ6,1
p_3FL1,0
p_F9SS,1
p_IG50,0
p_0RWR,0
p_H8L7,1
p_V94R,0
p_3SMM,0
p_A5W6,0
p_8AFP,1
p_VL70,0
p_ZHP2,0
p_R38X,0
p_P0HY,1
p_U6O0,1
p_N73A,0
p_M2ZK,0
p_BB48,0
p_1NC3,0
p_G0BQ,1
p_0CGF,0
p_9AVX,1
p_SP1E,0
p_03ZJ,0
p_5DWE,1
p_23YT,0
p_8H0E,0
p_3WQI,0
p_O9MJ,0
p_I39R,0
p_T1VY,0
p_U58L,1
p_DD1Z,1
p_6ZCM,0
p_GEN9,1
p_VF46,1
p_9YU0,1
p_PBP7,1
p_MO1S,1
p_PWB2,0
p_O1B9,0
p_4WA0,0
p_3ZGM,0
p_NT3I,0
p_L28F,0
p_GVV1,0
p_RI0G,1
p_H1R8,0
p_LTM1,1
p_2GR1,0
p_Z1UA,1
p_N5ZK,0
p_ZG73,1
p_U4KK,1
p_9LHB,1
p_38AL,0
p_AH3I,0
p_5UQ1,0
p_60AA,0
p_B8H2,1
p_1ZXC,1
p_G1GC,1
p_OK5N,1
p_Z06W,0
p_W9AC,0
p_4CLS,0
p_WG00,0
p_N51J,0
p_HS0E,0
p_2QHF,1
p_CCN9,0
p_X5EQ,0
p_3LBL,1
p_4KGG,0
p_24VT,1
p_4AA6,0
p_H1II,0
p_4MQW,0
p_8KU2,1
p_G8YX,0
p_96CK,0
p_40ZH,0
p_LL8G,0
p_KTT0,0
p_V0U9,0
p_WP1D,1
p_M19J,1
p_M5T6,0
p_KK58,0
p_6XCS,1
p_W6UA,0
p_M2GB,1
p_MO28,0
p_5VQ3,0
p_DQQ5,1
p_R2H6,1
p_5UB7,0
p_94WL,0
p_1GZ3,0
p_0CGK,1
p_NRO7,0
p_5UV6,1
p_SCM5,1
p_LZ1I,0
p_VS5U,0
p_UH53,0
p_TAM7,1
p_FV94,0
p_9RNI,0
p_BS77,0
p_3EAG,0
p_LY9A,1
p_5QMY,0
p_DGV3,1
p_SQ5J,1
p_J7WS,1
p_LPJ8,1
p_6NOG,0
p_4TS9,0
p_5CSA,0
p_D87E,0
p_5KS7,1
p_Z4VM,1
p_0ONG,1
p_X1J9,0
p_2PLT,0
p_C68W,0
p_2FE2,1
p_5AXS,1
p_JK0B,1
p_U3UR,0
p_CGA9,0
p_6B7M,0
p_HSH0,0
p_4UJ6,0
p_G65W,0
p_Q6E4,1
p_MTY8,1
p_F84U,1
p_30QU,0
p_HQ58,1
p_4SLZ,1
p_NAV3,0
p_QR8M,1
p_Q1ZI,0
p_9EK0,1
p_ZJY7,0
p_ZTV9,1
p_7XY7,0
p_E3Q4,0
p_KR71,1
p_82EM,0
p_BJ37,0
p_GB3E,0
p_5URP,0
p_HLN5,0
p_FY76,0
p_C30I,0
p_K63E,0
p_A60Z,1
p_2Z9W,0
p_FGS2,1
p_U3XZ,0
p_KZ2H,0
p_6GCV,0
p_EY08,0
p_9AEP,0
p_M22Z,1
p_DGX4,1
p_VT53,0
p_KFM8,1
p_D7CZ,1
p_6WKF,0
p_JSH6,0
p_6U3N,0
p_OOV4,1
p_9J8S,0
p_T0NJ,0
p_GNX4,0
p_D1HC,0
p_0ABO,0
p_A4ZK,0
p_5DP9,0
p_D64N,1
p_OF1I,1
p_4JIF,0
p_LZ9L,0
p_R3V6,1
p_7RE5,0
p_PGK7,0
p_AYF0,0
p_3RJ9,0
p_6GYP,1
p_HVR9,0
p_FMT2,0
p_W8SL,0
p_41XF,0
p_R66I,1
p_9UM3,0
p_FP02,0
p_4LKH,0
p_7YKU,0
p_A2L3,0
p_BDY5,1
p_4JNY,1
p_4IHX,0
p_5E3E,0
p_4EL0,0
p_EKR4,0
p_Y9XV,0
p_4MWC,0
p_ODP6,0
p_UE63,1
p_7SBU,1
p_A07D,0
p_5M2Q,1
p_94KZ,1
p_HWO4,0
p_YKE6,1
p_18LL,0
p_E41Z,1
p_F0DF,0
p_32TL,1
p_GQ93,0
p_8QHU,1
p_7ES9,0
p_TKX8,0
p_M8IG,1
p_G6BG,0
p_9I4J,0
p_08GU,0
p_K67W,0
p_JM7F,0
p_2HZC,0
p_WY13,1
p_TBV9,0
p_40RK,0
p_QDW1,0
p_91MX,0
p_WL8V,0
p_2Q7E,0
p_KV2E,0
p_B2CA,0
p_2TIS,0
p_QJK5,0
p_QL7O,1
p_MGJ3,0
p_9K0M,0
p_5L6C,1
p_7KD8,0
p_TT20,0
p_7CPJ,0
p_ZO9O,0
p_B4WZ,0
p_FG35,0
p_DGF7,0
p_HZV8,0
p_34VL,0
p_5OA9,0
p_I8C7,1
p_6HOS,0
p_90JE,1
p_Q00G,0
p_H8GO,1
p_T66U,0
p_J0F4,1
p_26LY,1
p_4OMY,0
p_GUH3,1
p_23DJ,1
p_7Y4W,0
p_2MC7,0
p_5LB4,0
p_C8T7,0
p_0PJW,0
p_T6QX,0
p_89LV,0
p_MW0Y,0
p_OC6Q,0
p_X57M,0
p_F1ZH,0
p_L16J,0
p_X02X,0
p_N9BL,0
p_5RJU,0
p_DK55,0
p_B1YN,1
p_2EQ9,0
p_H3TN,1
p_U31J,0
p_0ZPU,1
p_1Z2U,1
p_ZR96,1
p_IS3E,1
p_P3ER,0
p_P9JP,1
p_29TR,0
p_4KDQ,1
p_VS86,0
p_GT5L,0
p_W0TE,0
p_B37Z,0
p_6XKQ,1
p_BX9U,0
p_43AD,1
p_IC14,1
p_7FN0,1
p_IEJ4,0
p_DVO4,0
p_2B6L,0
p_07UO,0
p_SEL4,0
p_DR0E,1
p_74DC,0
p_7CY2,1
p_9NHW,0
p_G7P7,0
p_K0F0,0
p_DLW9,0
p_47SK,1
p_H1D8,0
p_P3TF,0
p_5H2U,0
p_2HIP,1
p_O10S,0
p_AB58,0
p_5YLO,0
p_7LX0,1
p_NS1P,0
p_LX3K,0
p_DD53,0
p_6OU7,0
p_MS4V,0
p_IQ55,0
p_MQ31,0
p_Q8Q9,1
p_O8EG,1
p_BR1G,1
p_Z7KF,0
p_VBR3,0
p_W30W,1
p_T2B8,0
p_U6KN,0
p_1FOA,0
p_TXB1,1
p_1TTV,1
p_ZL6Z,0
p_8EM9,1
p_2CC2,0
p_SE40,0
p_AA0J,0
p_9IAT,0
p_L0DV,1
p_VA3Q,0
p_AH56,0
p_I5LW,0
p_12XY,0
p_2SOO,1
p_I2HV,0
p_PX9C,0
p_8XOB,0
p_D5SI,1
p_5DC5,0
p_F8EE,0
p_V5YR,1
p_G88Q,1
p_T70N,1
p_I1VU,1
p_EI82,1
p_2JUP,0
p_9Y4V,0
p_U8FO,1
p_A5XE,0
p_YL1T,1
p_JE5Q,1
p_65DX,0
p_4N8I,1
p_2HTJ,0
p_GM3A,0
p_38UR,1
p_NZ68,0
p_0CSD,0
p_B1Z4,1
p_VD9X,0
p_N6K7,1
p_9Z0M,0
p_A14T,0
p_JK2X,0
p_1B4O,0
p_7AZ1,0
p_ZDT4,1
p_QU9L,1
p_Z0MM,0
p_0EQ6,0
p_WVU6,0
p_A6X5,0
p_4JZ9,1
p_IW9G,0
p_NMF5,0
p_5ZH5,1
p_5RXV,1
p_DD5F,1
p_0GVW,1
p_H6IS,1
p_YPD3,0
p_G8LI,1
p_D3US,0
p_5AQ0,1
p_9AI3,0
p_2MR8,0
p_H6DZ,0
p_YH72,0
p_DD9S,0
p_7XKT,0
p_BT5I,0
p_T4UA,0
p_VJ9Q,0
p_ZFW6,0
p_4XHX,0
p_P7PA,0
p_PXO6,0
p_H4QF,0
p_51QT,0
p_8RQA,1
p_MY1D,0
p_B0NB,0
p_NU2B,1
p_HW0A,1
p_F7VF,0
p_VWR7,0
p_ZAE4,1
p_SJ1R,0
p_0R1Y,1
p_W25U,1
p_4NNO,0
p_0PN7,0
p_IMC6,0
p_J4UX,0
p_T8GE,1
p_B4N8,0
p_0LW9,0
p_1ZZM,0
p_O06I,1
p_O3D8,1
p_X6CV,0
p_2D3I,0
p_2ID0,0
p_8YOA,0
p_6F8Z,0
p_25FK,0
p_05BD,1
p_2OG2,0
p_4FGL,1
p_9XLQ,0
p_XHT9,0
p_FQT9,0
p_X8RD,0
p_R3LJ,1
p_OEA0,0
p_X9LZ,0
p_CE93,0
p_20HJ,1
p_WK5S,1
p_HYT1,0
p_QU04,0
p_59IQ,0
p_6F4J,0
p_XG0T,0
p_V5FH,0
p_FCF7,0
p_A5Z1,1
p_V4JC,1
p_C6TG,0
p_95RH,0
p_NKP5,1
p_SZ36,1
p_Z2L6,1
p_3CHY,0
p_N2G4,0
p_X1P2,0
p_7T9P,0
p_W5B3,0
p_Z61N,1
p_E0N5,0
p_BH7D,1
p_UWT5,0
p_4R8H,1
p_3J9I,0
p_2T9V,0
p_RQL0,0
p_B7C3,0
p_D5GA,0
p_44OP,0
p_YZF8,1
p_80FF,1
p_DSY2,0
p_8RY6,1
p_M0X7,0
p_H4DH,0
p_7FL9,1
p_6B5X,0
p_FEW6,0
p_S74L,0
p_6QFQ,0
p_3RBG,1
p_FLE5,0
p_1J5Z,0
p_2CX4,0
p_HU85,1
p_ADO3,0
p_R3BI,0
p_L3TK,0
p_7L9E,1
p_Y1V4,0
p_F3B7,0
p_DSQ6,0
p_TAK4,0
p_C23G,1
p_NI8U,0
p_J1JG,0
p_XP88,1
p_MD6G,0
p_U1YN,0
p_7NSL,0
p_27XZ,0
p_W0CH,1
p_3IR0,1
p_U1G7,0
p_EHA8,1
p_GVM2,0
p_2QM0,0
p_40TA,0
p_X8JL,0
p_6O0A,1
p_7PPB,1
p_5SP5,0
p_0DQC,1
p_FG0Y,0
p_DD05,1
p_M38U,0
p_RG9W,0
p_RL39,1
p_VQN8,1
p_PPB7,0
p_4TBB,0
p_EXN1,0
p_UE17,0
p_O5HW,0
p_05GB,1
p_WE4D,0
p_Z28X,1
p_SA24,1
p_AW0R,0
p_M5EX,1
p_VQY3,1
p_MUM8,0
p_Q24H,0
p_7VTI,0
p_T3AV,1
p_H3OG,0
p_9INP,1
p_1NX2,1
p_FZ10,0
p_2YKY,1
p_02QM,0
p_A7C6,0
p_2IGT,0
p_1Z3W,0
p_3VGT,1
p_KCR2,0
p_1ZV0,0
p_69IC,1
p_N89F,0
p_U6MC,0
p_3J6A,0
p_Y3D0,1
p_1T9Y,0
p_AY4M,1
p_I4O9,1
p_GZ1K,0
p_MT06,0
p_6GY3,0
p_TWP4,1
p_62VP,0
p_XA52,1
p_DX3A,0
p_E2PF,0
p_G5DR,1
p_DTW4,0
p_P4LL,0
p_W2ZR,0
p_X71Q,0
p_COB0,1
p_U66K,1
p_YYU9,0
p_YG73,1
p_8OU6,0
p_OG5C,0
p_F1VO,0
p_21IR,0
p_A8IW,0
p_L02N,0
p_0L8C,0
p_E6S7,0
p_5VE5,0
p_DU3W,0
p_4GME,1
p_94NZ,1
p_B3Q2,0
p_SC7X,0
p_CL39,1
p_5P1M,0
p_2PCH,0
p_8Z4W,1
p_5KCS,0
p_6SN3,0
p_61HQ,1
p_1XLS,0
p_Q3B3,0
p_LLD3,0
p_IGY8,1
p_4OUP,0
p_JZ3F,1
p_NV3K,1
p_8C9D,0
p_M6AA,1
p_VF2Z,0
p_TFI7,0
p_NC4L,0
p_5FP3,0
p_7OYV,0
p_7KHO,1
p_8AQ6,0
p_T65R,1
p_B3XS,0
p_0GUE,0
p_8PRR,0
p_XS12,0
p_A0C1,0
p_NB9A,0
p_QP44,0
p_JZQ6,1
p_8J9N,1
p_9VIN,0
p_0BX1,1
p_F7R5,0
p_94NB,0
p_YK4K,0
p_66NX,0
p_P47R,0
p_1YUK,0
p_M3K6,1
p_4ENM,1
p_1OD0,0
p_WXK8,0
p_W7G6,0
p_21WV,1
p_93YO,0
p_WOR5,0
p_6XCF,0
p_6OFU,1
p_7SJ7,0
p_C6A1,1
p_M8Z3,1
p_5QF7,0
p_WEB1,0
p_X2F1,0
p_GRZ6,1
p_0MQX,1
p_8VMA,1
p_2KDS,0
p_1RPY,1
p_R6X0,0
p_ZZ9I,0
p_GX6M,0
p_63MZ,0
p_YQX7,1
p_1AED,1
p_7KBR,0
p_A1HE,0
p_OO8F,0
p_7LC9,0
p_YE0L,0
p_D6PK,0
p_D9Y6,0
p_NEH7,0
p_ABF2,0
p_B1D4,0
p_8LJB,0
p_Z85A,1
p_NQ21,1
p_8RQ1,1
p_TL7R,0
p_W7DC,1
p_O5GV,1
p_U57K,0
p_5J5Z,0
p_LC95,0
p_R7F7,0
p_OHI7,1
p_O80J,0
p_2HX9,0
p_ZT7A,0
p_F7DE,1
p_14TK,0
p_XM1U,0
p_GGV1,0
p_NLC0,1
p_19NY,0
p_6O2F,0
p_OT76,0
p_A6T0,1
p_8JK0,0
p_WR4H,1
p_6BY3,0
p_Q8S6,1
p_07BF,1
p_UET1,0
p_8TYY,0
p_62EM,0
p_3Y0D,0
p_XR7D,0
p_GW42,1
p_5E3H,0
p_C9QJ,0
p_UP51,0
p_O2JP,0
p_JWU4,1
p_S2HV,1
p_4JX3,1
p_NX74,1
p_ZBQ3,0
p_18CI,0
p_F0MT,0
p_D0FA,0
p_KGP1,1
p_CDK0,0
p_PW45,0
p_QY4R,0
p_ZI23,1
p_57JL,0
p_RST3,0
p_UAL2,0
p_XP08,0
p_BOH5,0
p_Z5YS,1
p_R0C4,0
p_NBQ1,1
p_UBO7,0
p_0CZ3,0
p_X5TU,0
p_7H0S,0
p_HCH6,0
p_8UGH,0
p_R58G,0
p_JR93,0
p_NK64,0
p_ZRN5,0
p_5R8Z,0
p_4JYN,1
p_9V4F,1
p_0Q1E,1
p_B4CB,1
p_ZB92,1
p_JE6B,1
p_6HML,1
p_EYV3,0
p_9ER5,0
p_8AR4,1
p_RD67,0
p_OJ7Q,0
p_60KK,0
p_BXQ8,1
p_I1EX,0
p_97LG,0
p_73ZB,1
p_T4FY,1
p_B7A6,1
p_4VS0,0
p_E9DQ,0
p_I1A9,1
p_O44P,1
p_KA18,0
p_4U5S,1
p_DRF8,0
p_JXR8,1
p_7S5F,1
p_6AS8,0
p_0YUJ,0
p_EI03,1
p_K6MG,0
p_92JI,0
p_E6SV,1
p_T6L1,0
p_AED8,1
p_X4MA,1
p_5KD1,0
p_Y8KO,0
p_S1X2,0
p_N2MR,0
p_4XDF,1
p_GX6O,0
p_5WJU,0
p_7GG5,0
p_34LW,0
p_BKS3,0
p_B32J,0
p_TH1D,1
p_8Q5R,1
p_V53Q,0
p_I1KQ,0
p_N7MT,1
p_4LV9,0
p_P6FO,0
p_OU0Y,0
p_BV3V,0
p_0J9P,1
p_D2Z1,1
p_MPW2,0
p_F3IS,0
p_0ZV6,0
p_Q1BX,1
p_91PL,0
p_1Z0G,1
p_OH33,0
p_LZ5R,0
p_OK9U,0
p_I2KZ,1
p_O6O0,0
p_P3BS,0
p_XF18,0
p_L4T5,0
p_H6J2,0
p_M5A3,0
p_HQ5J,0
p_XB67,0
p_4BLS,0
p_68DC,1
p_PM93,0
p_YKI3,1
p_18HQ,0
p_O2LE,1
p_S92D,1
p_C7XZ,0
p_T9UP,0
p_1PV4,0
p_K0AP,1
p_VX89,0
p_7YTL,0
p_6X4M,1
p_OPN5,1
p_C67Y,1
p_A9JV,0
p_RN34,0
p_OWS1,0
p_UQ9D,1
p_25JO,0
p_UI28,1
p_FSQ0,1
p_3VHP,0
p_C9LJ,0
p_XO6T,0
p_NCX4,1
p_0T0Q,0
p_5BB0,0
p_8FDQ,1
p_SLD2,1
p_AB94,0
p_U9BQ,0
p_8V1N,0
p_N9Q1,1
p_ZP65,0
p_RX0M,0
p_OCV4,0
p_3QMH,1
p_09RL,0
p_H3M2,1
p_48OG,0
p_ZM3K,0
p_6QY3,0
p_UY5G,0
p_65GP,0
p_R6L0,1
p_G5YD,1
p_EE3O,1
p_UJ33,0
p_9TJ6,0
p_9F5W,1
p_D8B8,1
p_J8N8,0
p_N1C5,0
p_N9H7,1
p_GV9F,0
p_2XI5,1
p_NZM5,0
p_O0DJ,0
p_8LHN,0
p_XGQ5,1
p_8OWO,0
p_MN80,0
p_8CI0,0
p_AIA6,0
p_L68A,0
p_9I9R,1
p_T7L4,0
p_3IPW,0
p_0CN9,1
p_5PEI,1
p_UK4A,0
p_SCG1,1
p_KB9X,0
p_EJ3E,0
p_H9K5,1
p_70TD,1
p_6IWS,1
p_Z63F,0
p_NP8F,1
p_TG5P,0
p_6EP4,0
p_PO23,1
p_L23U,1
p_2XJS,0
p_GT8G,0
p_S27G,0
p_M6V1,0
p_5TY2,0
